tree
version=v4
num_class=1
num_tree_per_iteration=1
label_index=0
max_feature_idx=8
objective=binary sigmoid:1
feature_names=Amount_Received Received_Currency Payment_Format hour day_of_week sender_out_count_24h receiver_in_count_24h sender_out_rate_lifetime receiver_in_rate_lifetime
feature_infos=[9.9999999999999995e-07:140212375027.39999] -1:0:2:11:4:5:14:8:9:6:1:10:3:7:13:12 -1:1:2:0:3:4:5:6 [0:23] [0:6] [0:26368] [0:521] [0:24588.593475973343] [0:266.92930003517409]
tree_sizes=3385 3410 3412 3401 3426 3425 3437 3459 3393 3460 3460 3458 3485 3454 3451 3457 3480 3465 3451 3478 3466 3473 3464 3474 3471 3460 3500 3470 3452 3468 3463 3464 3440 3471 3448 3492 3431 3484 3469 3454 3420 3453 3457 3457 3479 3460 3482 3474 3487 3459 3475 3463 3463 3485 3455 3483 3451 3476

Tree=0
num_leaves=31
num_cat=1
split_feature=2 0 7 8 8 4 0 0 4 6 8 5 8 0 0 6 8 7 8 3 7 7 0 0 3 3 6 6 6 4
split_gain=12789.7 7031.49 6122.23 7319.46 8972.13 4773.76 4938.33 5942.4 4345.58 4589.9 4232.34 11037.6 4069.58 3929.76 6125.07 2853.2 5855.06 2926.81 4956.12 3140.08 2868.18 2270.99 2706.96 2059.15 1929.41 2620.17 1869.78 1858.43 1749.25 1691.54
threshold=0 1270.2500000000002 1.9998611303985561 0.98495212038303703 1.0000000180025095e-35 2.0000000000000004 5075.795000000001 20029.230000000003 4.5000000000000009 5.5000000000000009 0.50393702330322965 8.5000000000000018 4.0421728026790689 6649.8150000000014 21033.540000000005 9.5000000000000018 4.5921679559455848 0.55304849285656765 2.4038633603599506 7.5000000000000009 1.0882297762323672 5.2571080881394243 8497.8950000000023 5273.8900000000003 16.500000000000004 7.5000000000000009 1.0000000180025095e-35 1.0000000180025095e-35 3.5000000000000004 4.5000000000000009
decision_type=1 2 2 2 2 2 2 2 2 2 2 2 2 2 2 2 2 2 2 2 2 2 2 2 2 2 2 2 2 2
left_child=1 -1 5 4 -4 6 -3 15 -7 12 11 21 23 -14 24 16 17 18 26 -20 -18 -6 -23 -10 25 -15 -8 -25 -21 -12
right_child=-2 2 3 -5 10 8 7 -9 9 -11 29 -13 13 14 -16 -17 20 -19 19 28 -22 22 -24 27 -26 -27 -28 -29 -30 -31
leaf_value=-7.1193591800246745 -7.1974517971901335 -6.220146542398453 -6.757577554869739 -6.9325165757863374 -0.88962248799432597 -6.7945246556133787 1.0526193161740496 -5.5678236097200644 -5.8745241158053698 -6.8348361043294972 -4.2534841928521958 34.371563147632095 -4.1983848021730736 10.785110808454967 -1.2403080009189171 -6.6333870471079219 22.779930587780576 -4.181404715992608 -2.6977881164250768 6.4872011451375817 1.4763896669713565 0.82512652740854087 26.318774932611511 -2.4347720133834647 4.4761471582905221 35.631523208485348 -3.6267631450863869 -5.1200578448183958 19.901709323768547 0.39737381444155151
leaf_weight=123.06334503204562 2245.1201520317118 9.0681366688804683 1.8908162094885477 97.231527533032931 0.2770084652584045 31.386770963843446 0.35715417290339269 4.1481239558779635 4.0897654308937472 5.1036475382861681 0.76177327946061246 0.026455864659510553 0.23265598627040152 0.019452841661404818 0.10893591330386698 0.34859492257237423 0.035015114990528562 0.97497642406960938 0.044352478988002986 0.047464933653827757 0.028790205658879131 0.024899637326598167 0.017896614328492433 1.0372255173861051 0.01711850066203624 0.023343409993685782 0.53067352052312344 1.7009564748732371 0.049799274653196335 0.26300241926219314
leaf_count=158156 2885337 11654 2430 124958 356 40337 459 5331 5256 6559 979 34 299 25 140 448 45 1253 57 61 37 32 23 1333 22 30 682 2186 64 338
internal_value=-7.15708 -6.84626 -6.61655 -6.85436 -4.52459 -6.21391 -5.46402 -4.41959 -6.48205 -5.68682 -1.44505 3.33408 -4.87638 0.0156754 5.82215 -2.4488 -1.7435 -2.21815 -0.358765 8.32777 13.1674 0.766497 11.4861 -5.16405 18.663 24.3377 -1.74435 -4.10287 13.3554 -3.05987
internal_weight=2528.03 282.91 159.846 100.493 3.26185 59.353 15.6331 6.56495 43.7199 12.3331 1.37104 0.346261 7.22945 0.401507 0.168851 2.41682 2.06823 2.00442 1.02944 0.141617 0.0638053 0.319805 0.0427963 6.82795 0.0599148 0.0427963 0.887828 2.73818 0.0972642 1.02478
internal_count=3248921 363584 205428 129150 4192 76278 20091 8437 56187 15850 1762 445 9291 516 217 3106 2658 2576 1323 182 82 411 55 8775 77 55 1141 3519 125 1317
cat_boundaries=0 1
cat_threshold=8
is_linear=0
shrinkage=1


Tree=1
num_leaves=31
num_cat=2
split_feature=2 8 1 0 5 0 0 4 4 3 8 7 3 0 0 4 6 0 4 0 5 7 8 5 0 0 0 0 7 4
split_gain=1236.64 1244.14 670.433 939.513 665.912 371.239 322.954 500.138 461.567 281.776 515.297 1027.69 1157.05 270.366 388.506 266.01 240.12 200.114 181.543 174.887 167.125 318.387 1146.71 679.261 539.133 321.476 212.984 159.731 346.538 1505.4
threshold=0 0.98495212038303703 1 587.15500000000009 38.500000000000007 75155.965000000011 1270.2500000000002 2.0000000000000004 5.5000000000000009 12.500000000000002 0.50393702330322965 1.2871234487417544 16.500000000000004 607.00000000000011 748.57500000000016 1.0000000180025095e-35 12.500000000000002 21033.540000000005 2.0000000000000004 5498406.8650000012 1.5000000000000002 3.2417018955222776 5.4398746576781187 3.5000000000000004 4268.005000000001 3865.9650000000006 5075.795000000001 2486.9150000000004 1.9781729490170952 4.5000000000000009
decision_type=1 2 1 2 2 2 2 2 2 2 2 2 2 2 2 2 2 2 2 2 2 2 2 2 2 2 2 2 2 2
left_child=1 6 3 -3 -2 15 7 9 -9 -1 11 -11 -13 -10 -15 20 27 18 -4 -7 26 22 23 -22 -24 -25 -5 -17 -29 -30
right_child=4 2 17 5 -6 19 -8 8 13 10 -12 12 -14 14 -16 16 -18 -19 -20 -21 21 -23 24 25 -26 -27 -28 28 29 -31
leaf_value=0.58792817062048486 -0.049090882913382983 -0.0051734728343298033 -0.12086208172817048 0.21996290855205258 0.04628234662802036 -0.034459526598590341 -0.044788323051210666 0.024167138361585596 0.58574334652387383 2.2664338872230565 0.80469651938056108 21.608994733027135 4.2177497213473849 7.5274645601798502 1.9569743790895799 0.18906775070160917 0.014247121440892374 0.059752437160790456 0.02376567786295003 0.3464925603309712 0.4384024293420008 0.12143753573734345 3.7934875975561404 1.0953003923225666 14.6491239722329 6.5984645866921188 -0.074092306018393575 0.23383773654997508 0.28870421846953886 1.176011455915956
leaf_weight=0.78373756783537263 1954.4869918674226 79.122751345799969 41.830369813390234 9.998133118671868 201.93154874816537 21.394412293564532 349.67841653871977 8.0854245786904322 0.23592924722470421 0.15109167544869706 0.29248762840870768 0.016159537481144071 0.023431329347658902 0.039590866828802973 0.14947572170058265 36.169369742448879 9.3293858160031942 92.746621993777808 45.08248413178444 3.5064860622514962 2.2178677715825001 7.5808576710987836 0.026017651834990718 0.043654745444655307 0.020409261400345713 0.067681085725780576 16.031978482820914 52.758186033863922 28.338999925530505 5.7501122453250089
leaf_count=970 2615148 97927 18959 6440 270189 17952 23373 10007 292 187 362 20 29 49 185 35034 7892 42996 36479 2207 1342 8124 26 46 16 39 1826 15969 28975 5861
internal_value=-0.0202764 0.0321661 0.087772 0.134995 -0.0399746 0.199376 -0.0368634 0.246564 0.108589 1.17341 2.12311 4.14541 11.3162 1.71468 3.12344 0.226031 0.258807 0.00821233 -0.0458424 0.0191853 0.105494 0.279717 0.784802 0.629711 8.56562 4.44068 0.0388539 0.277353 0.314122 0.438374
internal_weight=2967.89 811.472 452.016 272.356 2156.42 193.234 359.456 9.77733 8.51042 1.26691 0.48317 0.190683 0.0395909 0.424996 0.189067 168.333 132.346 179.659 86.9129 24.9009 35.9866 9.95649 2.37563 2.3292 0.0464269 0.111336 26.0301 123.017 86.8473 34.0891
internal_count=3248921 363584 328110 229676 2885337 131749 35474 12101 10533 1568 598 236 49 526 234 111590 93731 98434 55438 20159 17859 9593 1469 1427 42 85 8266 85839 50805 34836
cat_boundaries=0 1 2
cat_threshold=8 9477
is_linear=0
shrinkage=0.05


Tree=2
num_leaves=31
num_cat=2
split_feature=2 8 5 1 0 4 0 0 7 7 8 4 7 0 7 8 3 4 6 0 6 3 3 6 8 4 6 6 0 4
split_gain=966.201 1047.4 628.648 433.221 517.408 225.187 293.59 237.195 351.122 345.228 633.31 447.98 1395.98 185.388 176.32 350.074 500.844 5003.04 19008.4 31670.5 21684.9 150.233 148.479 140.219 133.51 784.397 2265.15 179.4 135.836 130.484
threshold=0 0.98495212038303703 38.500000000000007 1 274.41500000000008 1.0000000180025095e-35 20029.230000000003 8839.6900000000005 3.718016262719527 1.930438679062553 1.8137162361748893 4.5000000000000009 3.3996985638110857 21033.540000000005 0.55304849285656765 2.4038633603599506 7.5000000000000009 2.0000000000000004 9.5000000000000018 5075.795000000001 2.5000000000000004 6.5000000000000009 18.500000000000004 9.5000000000000018 4.2328634825835287 4.5000000000000009 5.5000000000000009 11.500000000000002 10857.855000000001 3.5000000000000004
decision_type=1 2 2 1 2 2 2 2 2 2 2 2 2 2 2 2 2 2 2 2 2 2 2 2 2 2 2 2 2 2
left_child=1 -1 -2 13 -5 -6 7 8 23 24 11 -11 -13 14 15 -3 -17 18 19 -18 -21 -12 -23 -7 -9 28 -27 -28 -26 -30
right_child=2 3 -4 4 5 6 -8 9 -10 10 21 12 -14 -15 -16 16 17 -19 -20 20 -22 22 -24 -25 25 26 27 -29 29 -31
leaf_value=-0.040774773348904905 -0.049041535724653806 -0.070757280465317041 0.041930770215016983 -0.029373555645459855 0.041971559416324883 0.24015379213888705 0.065828533717388324 0.19604082563935371 0.047840710489578442 1.1102289815577111 0.12891634194355223 1.1273304943122811 9.6536464308107597 0.045131398122438812 -0.0093158476680438168 -0.09938545266328111 1.7952744766320325 -0.073292544486234498 0.11063871999589947 -25.779542035239714 -93.01556857031369 0.62701630945544373 0.18818830407192241 0.060565493219790316 1.550729154509048 -9.4951970530105765 4.1671103821573814 -0.050055053581143163 -0.33429948951959987 0.99573926822650172
leaf_weight=372.61876469345924 1860.9898678839677 17.627905943372763 211.48207918036496 65.322612545103993 63.964959071271494 77.037265867807292 76.154025975034529 14.797515446643997 48.514140730956569 0.94799949915613868 3.9104455168144314 0.16944188042543828 0.06698404683265835 71.863113380037248 41.137648511003746 3.1730228984342799 0.054190034570638201 2.1637443413492305 0.31111270096153021 0.029049469507299364 0.020422936708436312 6.5711484202183783 2.727776347193867 12.654448826622682 0.15615139141898349 0.083807599565265289 0.035568820894695818 0.086665304959751666 0.80665209195766496 0.23905012151226401
leaf_count=35474 2615148 2921 270189 81380 28710 44092 39793 2249 42077 720 2578 25 22 31307 32761 905 35 1294 230 16 41 4181 1814 10435 93 32 27 79 111 182
internal_value=-0.0210152 0.0227072 -0.0395675 0.0694765 0.0959139 0.125511 0.147325 0.184091 0.156203 0.310053 0.488254 1.59584 3.543 -0.00941395 -0.0716291 -0.181273 -0.519993 -1.03758 -6.06793 -24.6111 -53.5356 0.388942 0.498289 0.214816 0.151773 -0.313498 -3.16387 1.17709 0.17516 -0.0302493
internal_weight=2955.72 883.246 2072.47 510.627 374.247 308.924 244.959 168.805 138.206 30.5992 14.3938 1.18443 0.236426 136.38 64.5171 23.3794 5.75154 2.57852 0.414775 0.103662 0.0494724 13.2094 9.29892 89.6917 16.2054 1.4079 0.206042 0.122234 1.20185 1.0457
internal_count=3248921 363584 2885337 328110 258600 177220 148510 108717 96604 12113 9340 767 47 69510 38203 5442 2521 1616 322 92 57 8573 5995 54527 2773 524 138 106 386 293
cat_boundaries=0 1 2
cat_threshold=8 21210
is_linear=0
shrinkage=0.05


Tree=3
num_leaves=31
num_cat=2
split_feature=2 8 5 0 1 7 4 0 7 0 5 6 4 8 0 4 7 6 4 8 5 0 0 8 7 4 8 6 7 6
split_gain=960.238 934.043 595.791 287.322 278.839 149.837 175.519 203.228 160.304 156.109 136.291 392.689 329.495 124.24 159.564 122.201 271.212 121.756 367.006 102.829 98.0948 90.964 86.6712 80.1759 97.997 698.542 132.015 77.2611 117.783 235.28
threshold=0 0.98495212038303703 38.500000000000007 179.67500000000004 1 3.9274002444078433 1.0000000180025095e-35 14136599.780000003 1.0882297762323672 3989.7100000000005 3.5000000000000004 1.5000000000000002 5.5000000000000009 2.9220408633851886 81745111.805000022 4.5000000000000009 2.6570016589845618 3.5000000000000004 5.5000000000000009 4.0896521373677466 5.5000000000000009 20029.230000000003 17498.000000000004 5.4848911592284297 2.6171111871921018 5.5000000000000009 5.639089141545532 8.5000000000000018 2.9994792606884402 27.500000000000004
decision_type=1 2 2 2 1 2 2 2 2 2 2 2 2 2 2 2 2 2 2 2 2 2 2 2 2 2 2 2 2 2
left_child=1 -1 -2 -3 5 6 7 9 -9 -5 22 12 20 14 -7 -13 -17 18 -18 -11 -12 -6 27 -24 -25 26 -26 -8 -29 -30
right_child=2 3 -4 4 21 13 10 8 -10 19 11 15 -14 -15 -16 16 17 -19 -20 -21 -22 -23 23 24 25 -27 -28 28 29 -31
leaf_value=-0.039128996991113753 -0.048989936232941525 -0.041474181179042759 0.038158371927252042 0.16149807100148239 -0.019317283917134428 0.148480633606145 0.17890868656783532 3.6908574612599354 0.48434450059123402 0.0068933714432138308 1.137993626725234 0.17045844408858304 6.1800222570141905 0.025444226704173074 2.9988169721094935 4.0269252862565059 0.28166052846953521 0.20550355440011409 4.883736854147446 -0.26053161091007015 3.7827962764224305 0.052708457565579153 0.052644025824835544 0.19676831149633875 2.8860313617464737 8.4215874303642106 0.19184836412213169 0.047198070647005069 0.59345399447572422 5.7404768393672798
leaf_weight=368.97184948922927 1772.046606722753 58.378097745764705 220.52343000413384 16.401063793105958 76.501569218980791 24.614702166349165 111.91722210088048 0.066824566572903588 0.093536037486046553 25.777041211999741 0.33664973737904968 4.3889837460224301 0.040126725099980831 78.117367941886187 0.049198262742719545 0.061317055253311881 0.15067595191067085 0.58673766563879326 0.060803822241723537 4.1771096452902396 0.039134512131568044 102.66397548900571 32.57347622002095 2.7270742628716103 0.051087926840409525 0.029509904095903039 0.41336085076909512 15.886099900270068 0.15539323189295906 0.02590437704930082
leaf_count=35474 2615148 74939 270189 9471 40544 19734 47777 12 34 3884 202 3135 14 61261 35 16 68 298 31 830 21 42686 10681 859 37 13 329 11051 122 26
internal_value=-0.0197161 0.0223141 -0.0391485 0.0634691 0.0757734 0.1028 0.129675 0.0436436 1.82054 0.0374966 0.153293 0.394418 1.8733 0.056333 0.154166 0.277226 0.822405 0.576241 1.60483 -0.0303991 1.41343 0.0207937 0.144953 0.0761755 0.314143 0.962154 0.4882 0.164189 0.06166 1.32888
internal_weight=2917.83 925.256 1992.57 556.284 497.906 318.74 215.959 46.5156 0.160361 46.3552 169.444 5.66443 0.415911 102.781 24.6639 5.24852 0.859534 0.798217 0.21148 29.9542 0.375784 179.166 163.779 35.7945 3.22103 0.493959 0.464449 127.985 16.0674 0.181298
internal_count=3248921 363584 2885337 328110 253171 169941 88911 14231 46 14185 74680 3785 237 81030 19769 3548 413 397 99 4714 223 83230 70895 11919 1238 379 366 58976 11199 148
cat_boundaries=0 1 2
cat_threshold=8 10501
is_linear=0
shrinkage=0.05


Tree=4
num_leaves=31
num_cat=3
split_feature=2 8 5 0 1 7 0 6 6 4 8 8 0 5 3 0 0 1 0 8 3 0 5 3 8 3 3 0 8 7
split_gain=838.712 727.533 566.525 212.225 179.789 132.22 141.538 190.658 147.029 131.8 173.153 456.862 671.975 104.899 103.003 97.0339 148.741 92.0856 170.661 243.751 244.744 90.3301 84.3184 187.921 211.979 95.0524 73.0324 72.5838 94.5052 740.269
threshold=0 0.98495212038303703 38.500000000000007 179.67500000000004 1 2.9994792606884402 5075.795000000001 1.0000000180025095e-35 8.5000000000000018 1.0000000180025095e-35 5.6895529911851677 6.5527724953127242 47458.230000000003 1.5000000000000002 5.5000000000000009 2200.9550000000004 20029.230000000003 2 69589.645000000004 6.7688692036518132 11.500000000000002 10857.855000000001 2.5000000000000004 11.500000000000002 4.9680257280303302 6.5000000000000009 11.500000000000002 16743.745000000003 2.6945387492857114 0.55304849285656765
decision_type=1 2 2 2 1 2 2 2 2 2 2 2 2 2 2 2 2 1 2 2 2 2 2 2 2 2 2 2 2 2
left_child=1 -1 -2 -3 -5 6 8 13 -6 10 27 12 -12 -8 -11 -7 21 18 19 22 -21 -17 23 24 25 -18 -15 28 -9 -30
right_child=2 3 -4 4 5 15 7 9 -10 14 11 -13 -14 26 -16 16 17 -19 -20 20 -22 -23 -24 -25 -26 -27 -28 -29 29 -31
leaf_value=-0.037534857929202636 -0.048935965765991629 -0.041110470900231011 0.034860037640474961 0.0042146818396193737 0.16405651708807309 -0.010225954100754777 -0.033897580670160771 0.079576581585317122 0.021948794311016123 0.050457925352842471 -9.1720341929568274 -0.24884104429907072 -0.049834852442432451 0.80604474565627759 0.18155784999475053 0.080815746436977198 -0.050068301133783112 -0.03249877661210674 0.084024892694296582 1.2690522473377839 5.6719031804982754 0.20867188362988834 0.27788884563561478 0.46998164654904051 6.4145209326884345 3.7979585560097755 0.13004004805786573 0.13995212872668714 -1.7674484915879418 -0.0021334740318641652
leaf_weight=365.50086217388468 1687.4357258859091 56.009984040574409 229.08630045951577 123.80863162062498 101.34796431538427 56.71739638451254 43.906236279980277 6.1019827768981676 22.185949676495511 21.98695318502746 0.038338821294810477 0.39822443000232588 0.042641918829758652 0.60018491820664976 47.030325622090189 47.041972565930337 0.041960890870536338 40.524834711977746 6.9148785023135133 0.1137106047826818 0.043691133265383542 19.557575556857046 1.54281375487335 0.29963678284548223 0.030937510775402188 0.025987190310843289 1.1951008221949448 7.4296950642718391 0.66899387418128142 5.2878451551077887
leaf_count=35474 2615148 74939 270189 55678 45532 48545 1940 428 14067 6390 27 80 17 48 12885 24032 34 27076 5413 80 31 7306 1128 133 17 18 87 1736 100 343
internal_value=-0.0196196 0.0180785 -0.0387176 0.0516481 0.0610112 0.075475 0.099882 0.0644298 0.138535 0.107063 -0.00606888 -0.945033 -4.36857 -0.0185799 0.139793 0.0433808 0.0695603 0.00395136 0.0966539 0.598797 2.49118 0.118362 0.445364 1.09372 2.98372 1.42163 0.356036 0.0170194 -0.0587221 -0.20039
internal_weight=2892.92 976.395 1916.52 610.894 554.884 431.076 258.22 134.687 123.534 88.985 19.9677 0.479205 0.0809807 45.7015 69.0173 172.855 116.138 49.5385 9.01362 2.09874 0.157402 66.5995 1.94134 0.398522 0.0988856 0.0679481 1.79529 19.4885 12.0588 5.95684
internal_count=3248921 363584 2885337 328110 253171 197493 83680 24081 59599 22006 2731 124 44 2075 19275 113813 65268 33930 6854 1441 111 31338 1330 202 69 52 135 2607 871 443
cat_boundaries=0 1 2 3
cat_threshold=8 21200 8224
is_linear=0
shrinkage=0.05


Tree=5
num_leaves=31
num_cat=2
split_feature=2 8 5 0 8 1 6 0 5 7 5 7 5 7 0 8 7 0 0 7 4 7 7 0 0 0 4 5 8 7
split_gain=765.44 603.291 540.219 169.894 163.451 90.0089 83.1063 209.958 213.008 502.457 160.418 102.189 88.5187 87.3579 176.529 107.295 128.873 113.945 113.611 81.0927 75.4166 69.881 67.5598 403.936 465.866 238.641 382.414 291.478 355.193 223.847
threshold=0 0.98495212038303703 38.500000000000007 179.67500000000004 4.0659559462360102 1 1.0000000180025095e-35 5075.795000000001 9.5000000000000018 8.3605626284132342 2.5000000000000004 0.98343864912211976 1.0000000180025095e-35 1.0000000180025095e-35 1841.4900000000002 1.9187789606040957 0.55304849285656765 377.36500000000007 1043.7150000000004 1.004592759630438 3.5000000000000004 9.455323394736892 2.0001262785705269 5075.795000000001 976.7650000000001 19159.355000000003 2.0000000000000004 1.5000000000000002 0.50393702330322965 0.99993056519927803
decision_type=1 2 2 2 2 1 2 2 2 2 2 2 2 2 2 2 2 2 2 2 2 2 2 2 2 2 2 2 2 2
left_child=1 22 -2 -3 6 -6 7 11 12 -10 -8 13 -9 20 15 17 18 -15 -17 -12 -5 -11 23 24 -1 29 27 -27 -29 -25
right_child=2 3 -4 4 5 -7 10 8 9 21 19 -13 -14 14 -16 16 -18 -19 -20 -21 -22 -23 -24 25 -26 26 -28 28 -30 -31
leaf_value=-0.018561232728519835 -0.048879510871477037 -0.040734883872096256 0.031954756269052614 1.3975835010790012 0.036605277251479038 -0.031571456230513599 0.11262114842076568 -0.034252606457762368 5.3046430507088287 2.5197680673604568 2.1449348872975964 0.097924897784453291 0.11353807134870238 2.9378784563064584 0.26634479511102466 0.71115210397584327 0.6988510450975145 0.47809158739028013 3.1945837104243018 0.034386592052587102 0.017476087257837034 0.35940735968774162 -0.0582522675935662 -0.10345125468614245 0.3613356129396747 0.39350961270826401 -0.0023209791362087681 4.9096468827086577 0.44981842282926493 0.25413683966414896
leaf_weight=18.890497060118573 1606.9463983909227 53.757317482377061 237.1987948200549 0.10360819660147358 141.10034305560345 63.354297936664352 185.16201711659204 70.516527920822028 0.056024842197074487 0.038912662188522296 0.045532253105192377 16.040486930403858 11.831606288731562 0.050201840582303481 3.3163978196680546 0.065683664404787123 0.20025634998455644 0.75718661706196144 0.15409126656595618 105.1436877597007 2.2196617381996475 0.98393601726274937 175.6031225449083 105.1249066957389 14.088460036370522 4.6191705861128858 39.118600356043316 0.08064826251938928 0.10000384552404284 4.5665960827027439
leaf_count=9681 2615148 74939 270189 33 66768 29109 69685 4168 32 28 4 9329 3928 43 733 48 81 303 37 66739 1479 624 4530 2983 9292 1123 7063 25 31 746
internal_value=-0.0191905 0.0156349 -0.0382748 0.0444262 0.0520418 0.0157256 0.0707594 0.0329423 -0.00387357 0.694128 0.0846091 0.167022 -0.0130184 0.328423 0.455941 0.968218 1.61635 0.631036 2.45237 0.0353002 0.0790231 0.441595 -0.0359925 -0.0150432 0.143729 -0.0491305 0.0493604 0.470564 2.44081 -0.0885644
internal_weight=2861.23 1017.09 1844.15 654.898 601.14 204.455 396.686 106.335 83.427 1.07887 290.351 22.9076 82.3481 6.86709 4.54382 1.22742 0.420031 0.807388 0.219775 105.189 2.32327 1.02285 362.192 186.589 32.979 153.61 43.9184 4.79982 0.180652 109.692
internal_count=3248921 363584 2885337 328110 253171 95877 157294 20866 8780 684 136428 12086 8096 2757 1245 512 166 346 85 66743 1512 652 35474 30944 18973 11971 8242 1179 56 3729
cat_boundaries=0 1 2
cat_threshold=8 11525
is_linear=0
shrinkage=0.05


Tree=6
num_leaves=31
num_cat=2
split_feature=2 8 5 0 1 7 0 4 0 0 0 7 0 4 8 4 0 0 7 4 5 0 4 4 5 0 8 3 3 0
split_gain=694.982 519.3 516.379 139.896 121.722 100.937 96.3218 89.0428 85.2997 76.0236 142.351 61.7152 324.883 287.695 194.969 450.761 590.293 186.903 186.059 113.37 111.656 109.368 100.884 84.628 79.9525 83.6564 80.6704 81.6129 80.106 78.0497
threshold=0 0.98495212038303703 38.500000000000007 179.67500000000004 1 2.9994792606884402 24133.905000000002 1.0000000180025095e-35 3989.7100000000005 25295.340000000004 2200.9550000000004 2.0001262785705269 5075.795000000001 2.0000000000000004 1.0000000180025095e-35 4.5000000000000009 4559.505000000001 19159.355000000003 0.55304849285656765 4.5000000000000009 3.5000000000000004 748.57500000000016 2.0000000000000004 2.0000000000000004 1.5000000000000002 506823.76000000007 0.60978216429847165 16.500000000000004 11.500000000000002 2023135.5000000002
decision_type=1 2 2 2 1 2 2 2 2 2 2 2 2 2 2 2 2 2 2 2 2 2 2 2 2 2 2 2 2 2
left_child=1 11 -2 -3 5 7 -6 8 -5 10 -7 12 13 -1 15 -13 -17 18 22 20 -20 -15 -14 24 25 -19 27 28 29 -27
right_child=2 3 -4 4 6 9 -8 -9 -10 -11 -12 14 17 21 -16 16 -18 23 19 -21 -22 -23 -24 -25 -26 26 -28 -29 -30 -31
leaf_value=0.34018250833572727 -0.048820441524066026 -0.040347304249734262 0.029379033251793776 0.096566566443439902 -0.042891646271571125 -0.01118124929038518 0.035433207013195724 0.091282049088217132 -0.029047686167558307 -0.02510439004061962 0.091339244743304848 0.30095716532397637 -0.12351204995764348 -0.056029230124716528 -0.061634704087986637 -0.05007524271194666 9.4337694878080445 0.20666611502102661 0.28894945619929208 0.0029300901040195245 2.0067116657736799 0.14078693647528961 0.033453912544683315 -0.0022095565883413042 0.010993920371737265 1.8229515760815849 0.1245906456100967 -0.050240626644321468 2.6862488521204746 -0.05024062664432144
leaf_weight=10.358902686333861 1530.3783005489968 51.614479676878318 244.88686275074724 22.514708176255226 61.840570570713339 57.954930631560273 107.46245285367718 230.87192522657875 33.809453667848686 46.516579738992732 81.439132906496525 1.8513079259427616 87.951233774423599 15.687173360143786 171.57115574208927 0.034088392741978057 0.031632835511118174 5.5547771183773857 3.5345361153013068 8.8077203547582013 0.097203031182289013 12.832432465103922 11.584866594639605 39.038825737545267 5.4622076260857284 0.13346201553940762 0.28599003329873085 0.1000965116545558 0.10962951276451349 0.09533001109957695
leaf_count=4062 2615148 74939 270189 8229 30861 47816 37726 66780 3983 25920 31856 2094 620 7998 2370 32 34 971 927 182 6 6913 1994 7063 56 28 60 21 23 20
internal_value=-0.0187646 0.0131075 -0.0378203 0.038849 0.045212 0.0577292 0.00644326 0.0775308 0.0211647 0.0302447 0.048715 -0.034168 -0.0153561 0.114501 -0.0560318 0.445415 4.51467 -0.0463758 -0.0824583 0.0998571 0.334925 0.0325285 -0.105243 0.0331896 0.150887 0.272576 0.777908 1.20398 1.57495 1.04245
internal_weight=2844.41 1069.15 1775.27 694.024 642.41 473.107 169.303 287.196 56.3242 185.911 139.394 375.123 201.634 38.8785 173.488 1.91703 0.0657212 162.756 111.976 12.4395 3.63174 28.5196 99.5361 50.7803 11.7415 6.27929 0.724508 0.438518 0.338422 0.228792
internal_count=3248921 363584 2885337 328110 253171 184584 68587 78992 12212 105592 79672 35474 30944 18973 4530 2160 66 11971 3729 1115 933 14911 2614 8242 1179 1123 152 92 71 48
cat_boundaries=0 1 2
cat_threshold=8 11533
is_linear=0
shrinkage=0.05


Tree=7
num_leaves=31
num_cat=2
split_feature=2 8 5 0 8 7 0 0 0 7 4 6 0 5 8 1 5 4 8 5 8 4 6 8 4 7 0 0 4 3
split_gain=616.38 510.874 494.614 121.164 106.155 87.4074 263.415 172.361 157.197 157.73 87.5257 82.9107 122.42 97.5388 79.2575 75.4978 75.281 72.291 186.183 82.3376 678.576 63.4178 60.7427 59.7123 58.9526 56.4255 67.951 208.954 52.2513 51.6357
threshold=0 0.98495212038303703 38.500000000000007 179.67500000000004 4.0659559462360102 2.0001262785705269 5075.795000000001 915.32500000000016 19159.355000000003 0.55304849285656765 2.0000000000000004 1.0000000180025095e-35 5075.795000000001 2.5000000000000004 1.0000000180025095e-35 1 1.0000000180025095e-35 4.5000000000000009 0.50393702330322965 8.5000000000000018 1.0000000180025095e-35 5.5000000000000009 1.0000000180025095e-35 1.0000000180025095e-35 4.5000000000000009 7.989027417946315 2913.3050000000007 64595.375000000007 2.0000000000000004 16.500000000000004
decision_type=1 2 2 2 2 2 2 2 2 2 2 2 2 2 2 1 2 2 2 2 2 2 2 2 2 2 2 2 2 2
left_child=1 5 -2 -3 11 6 7 -1 9 10 -8 12 -5 -13 21 -6 -14 18 19 23 -21 -9 -16 25 -11 -7 -27 -28 -10 -18
right_child=2 3 -4 4 15 17 8 14 28 24 -12 13 16 -15 22 -17 29 -19 -20 20 -22 -23 -24 -25 -26 26 27 -29 -30 -31
leaf_value=-0.019477883540539906 -0.048758638749248365 -0.039947644913848966 0.027082383125742456 0.10400522933695733 0.028382392413149934 0.1458855004849067 -0.11317385298097578 0.0023598477333538646 0.10831802815407253 0.21403369567191233 0.030823530553539858 0.087187681005150106 -0.033911806178386551 0.029811041216599589 0.30806446405353793 -0.035979897974611985 0.13297157124281328 -0.084800508456280954 0.17498829437536506 0.23884806620374946 -4.7390118875519534 0.71654719048642279 0.123434872309907 -0.064078782453155167 0.0027764170128036655 -0.050051367868284728 5.9200427851566113 -0.050062972700677215 -0.0021032712813301917 -0.031467291401597458
leaf_weight=19.146618723342215 1457.540241970215 49.576131999259474 252.17448803287698 32.05944284418365 162.00710050580074 2.0396792121464382 91.0986318141222 6.665717531461314 14.776557726785539 5.2752306021284303 11.935340162599458 219.22443610877971 71.16937508686226 111.86863366828769 11.000185043079158 53.188326594191835 13.365540314407555 115.80536342439949 10.420743598951956 0.34613457671366576 0.08534265716546896 0.32603626744821657 7.4868418578989795 45.49802368599569 8.8298853393644077 0.050399251922499277 0.025125183165073395 0.035175256431102753 38.963012346997857 7.4267029380425802
leaf_count=9464 2615148 74939 270189 12086 71884 1685 620 4124 1179 933 1994 69685 4168 66743 3237 23993 2711 754 1239 311 35 75 2073 408 182 50 20 28 7063 1901
internal_value=-0.0186457 0.010421 -0.037354 0.0354793 0.0410578 -0.0355881 -0.0142947 0.0938774 -0.0425441 -0.0750262 -0.0964934 0.0547401 0.0198709 0.0678015 0.179061 0.0121214 -0.00945985 -0.0619144 -0.01661 -0.0581367 -0.745732 0.0356635 0.233294 -0.0519102 0.0817854 0.205554 1.30496 2.43748 0.0282588 0.0742363
internal_weight=2819.41 1109.7 1709.71 719.886 670.31 389.81 215.504 44.6254 170.879 117.139 103.034 455.114 124.021 331.093 25.4788 215.195 91.9616 174.306 58.5006 48.0799 0.431477 6.99175 18.487 47.6484 14.1051 2.15038 0.1107 0.0603004 53.7396 20.7922
internal_count=3248921 363584 2885337 328110 253171 35474 30944 18973 11971 3729 2614 157294 20866 136428 9509 95877 8780 4530 3776 2537 346 4199 5310 2191 1115 1783 98 48 8242 4612
cat_boundaries=0 1 2
cat_threshold=8 11541
is_linear=0
shrinkage=0.05


Tree=8
num_leaves=31
num_cat=2
split_feature=2 5 8 0 1 5 7 0 0 8 8 8 0 7 8 7 7 4 8 7 0 0 7 4 4 0 0 0 6 4
split_gain=576.241 474.608 456.344 105.464 86.3845 114.721 209.788 144.936 348.022 393.144 184.629 107.42 107.279 164.034 243.94 95.775 196.684 97.7793 391.691 84.602 218.209 136.658 137.496 121.089 76.7403 68.0401 67.9882 101.188 67.8096 62.5291
threshold=0 38.500000000000007 0.98495212038303703 179.67500000000004 1 1.0000000180025095e-35 3.2808172377175162 21033.540000000005 31538.385000000006 5.5851094189057715 3.3964489433616118 4.0659559462360102 36022.760000000002 1.4462325745374867 1.8989428348257309 2.1030852630669625 2.236811534653774 2.0000000000000004 4.0421728026790689 2.0001262785705269 5075.795000000001 19159.355000000003 0.55304849285656765 2.0000000000000004 2.0000000000000004 748.57500000000016 64595.375000000007 47458.230000000003 6.5000000000000009 3.5000000000000004
decision_type=1 2 2 2 1 2 2 2 2 2 2 2 2 2 2 2 2 2 2 2 2 2 2 2 2 2 2 2 2 2
left_child=2 -2 19 -4 5 -5 7 15 9 10 -9 29 -10 14 -14 -7 -17 18 -18 20 23 22 24 -1 -22 -25 27 -15 -28 -6
right_child=1 -3 3 4 11 6 -8 8 12 -11 -12 -13 13 26 -16 16 17 -19 -20 -21 21 -23 -24 25 -26 -27 28 -29 -30 -31
leaf_value=0.18792498977590594 -0.04869395622089593 0.025024139981151827 -0.039535847379558196 0.037264194253564802 0.029504085034737854 0.077956929872617181 0.093835364355670026 2.7605284182139087 0.12425176871914068 0.32775440853318721 6.2214211259760059 0.0022229211444716526 0.42011572734744451 0.54098462071455145 3.8348540903963997 2.952496054630275 0.49828998869245028 0.1981991397522862 5.5492792555767272 -0.059172119807254647 -0.10453012468990641 0.026266338153456633 0.071191637061691571 -0.05345155613555172 0.028471328301416132 0.091095397196615829 0.15857123645913243 2.2514503674138147 1.6143864592019879 0.066484369475224389
leaf_weight=16.944817321763495 1388.2510788934301 259.08400310541037 47.637187100365054 12.380907340184971 261.14178595799012 2.5018025138415427 9.9559352636570093 0.12451604777015779 0.96626714762533117 0.14397691539488733 0.055807161377742887 204.79927056159045 0.10629505710676301 0.25076176843140252 0.10296120303974021 0.08325799845624704 0.27351563767297171 0.97954162338282913 0.044647628266829997 179.0023440782918 93.629900321364403 54.80885715119075 15.307838291628284 15.347693274379692 12.266401481814681 17.33822741889162 0.71532190783182159 0.13196914724539965 0.090056995279155672 203.29963590338593
leaf_count=4062 2615148 270189 74939 1057 99625 426 2707 31 13 4 20 94025 37 35 35 27 124 206 20 4530 620 8242 1115 7998 1994 6913 212 39 15 54513
internal_value=-0.0180416 -0.0368761 0.00916881 0.0324447 0.0373562 0.113189 0.238557 0.457839 0.740075 2.27604 3.83162 0.0319125 0.529335 0.809447 2.10028 0.262454 0.596696 0.445553 1.20709 -0.0335034 -0.0131404 -0.0392499 -0.0688765 0.0794554 -0.089124 0.0232233 0.582098 1.13077 0.32136 0.0456914
internal_weight=2797.77 1647.34 1150.43 745.785 698.148 28.9075 16.5266 6.5707 2.68793 0.3243 0.180323 669.241 2.36363 1.39737 0.209256 3.88277 1.38096 1.2977 0.318163 404.646 225.644 176.013 121.204 49.6307 105.896 32.6859 1.18811 0.382731 0.805379 464.441
internal_count=3248921 2885337 363584 328110 253171 5008 3951 1244 441 55 51 248163 386 373 72 803 377 350 144 35474 30944 11971 3729 18973 2614 14911 301 74 227 154138
cat_boundaries=0 1 2
cat_threshold=8 8192
is_linear=0
shrinkage=0.05


Tree=9
num_leaves=31
num_cat=2
split_feature=2 5 8 0 7 0 0 7 0 8 4 4 8 1 6 0 5 5 4 3 7 4 0 7 3 4 0 7 0 4
split_gain=522.41 456.104 377.428 87.1192 81.7914 183.797 119.881 121.174 90.6989 78.4913 67.8795 59.0576 163.29 58.3888 55.796 94.6812 65.5983 63.3568 42.0906 39.5903 47.921 39.0191 76.0611 48.9751 48.449 51.609 38.3406 36.818 69.0467 36.8103
threshold=0 38.500000000000007 0.98495212038303703 179.67500000000004 2.0001262785705269 5075.795000000001 19159.355000000003 0.55304849285656765 1079.3650000000002 4.0659559462360102 2.0000000000000004 4.5000000000000009 0.50393702330322965 1 1.0000000180025095e-35 5075.795000000001 2.5000000000000004 1.0000000180025095e-35 2.0000000000000004 16.500000000000004 0.98343864912211976 3.5000000000000004 25295.340000000004 0.98343864912211976 6.5000000000000009 1.0000000180025095e-35 2340.7100000000005 17.061285335589044 17498.000000000004 4.5000000000000009
decision_type=1 2 2 2 2 2 2 2 2 2 2 2 2 1 2 2 2 2 2 2 2 2 2 2 2 2 2 2 2 2
left_child=2 -2 4 -4 5 8 7 10 -1 14 -7 12 -6 -11 15 -5 -16 21 -8 20 -19 22 -17 24 -24 -26 -18 -22 -29 -9
right_child=1 -3 3 9 11 6 18 29 -10 13 -12 -13 -14 -15 16 17 26 19 -20 -21 27 -23 23 -25 25 -27 -28 28 -30 -31
leaf_value=-0.011649829501862413 -0.048626270905709527 0.023171175413239486 -0.039111868712421803 0.082764153854102074 -0.057048485610731531 -0.097195637016792763 0.092331732731829541 0.15106601085598864 0.12047888583039038 0.021018460768970088 0.026357450853615967 -0.078292642297334153 0.15077306710389535 -0.035278861828304517 0.06705284776614287 -0.13293406367217073 -0.024247006205622687 1.0345749481613049 -0.0032545083907479407 -0.032049557576961922 0.08855715147258994 -0.01071583474972067 0.1061914763911098 0.037777371305900406 0.50313641294372136 1.9096555314423682 0.039324640073446958 1.5270507995175464 -0.050121216615778924 -0.00097769163592803976
leaf_weight=21.415988152687575 1322.33788752649 265.6362463356927 45.792815635329816 37.018838132033153 49.718436952846474 95.605746537446976 16.206667020451277 6.90250073198695 33.004237909272675 174.75673736050973 12.579245703993363 114.82179811054837 11.670595743344164 51.92948981518785 255.4184223237425 17.792116395782532 32.303985549602658 0.13822047086432832 39.799090641667135 7.5837890661787233 14.776475632213984 51.17993298068177 0.31069339835084919 2.8415798882488161 0.18071730504743755 0.10204643430188298 89.232133029669058 0.12732629664242345 0.15251966193318367 9.4047142458148283
leaf_count=10051 2615148 270189 74939 12086 2537 620 1179 933 8922 71884 1994 754 1239 23993 69685 841 25600 21 7063 1901 2585 1925 40 1297 43 22 41143 33 72 182
internal_value=-0.0177341 -0.0363869 0.00734245 0.0278024 -0.0313773 -0.0120624 -0.0363467 -0.0636776 0.0684823 0.0319666 -0.0828295 -0.0571273 -0.0175398 0.00749274 0.0428627 0.0149137 0.0526649 -0.0114742 0.0244058 0.0612553 0.107825 -0.034354 -0.0913471 0.124057 0.537178 1.01073 0.0224275 0.0993172 0.667472 0.0633792
internal_weight=2780.74 1587.97 1192.77 781.638 411.129 234.918 180.498 124.492 54.4202 735.845 108.185 176.211 61.389 226.686 509.159 132.204 376.955 95.1854 56.0058 22.7783 15.1945 72.4071 21.2272 3.43504 0.593457 0.282764 121.536 15.0563 0.279846 16.3072
internal_count=3248921 2885337 363584 328110 35474 30944 11971 3729 18973 253171 2614 4530 3776 95877 157294 20866 136428 8780 8242 4612 2711 4168 2243 1402 105 65 66743 2690 105 1115
cat_boundaries=0 1 2
cat_threshold=8 11541
is_linear=0
shrinkage=0.05


Tree=10
num_leaves=31
num_cat=2
split_feature=2 5 8 0 7 0 0 7 4 8 4 4 8 8 1 4 6 0 3 0 7 6 6 5 7 0 0 0 4 0
split_gain=495.023 438.893 331.639 76.7805 76.6261 157.534 105.619 107.236 71.4685 64.3214 60.4885 54.3639 140.305 135.467 53.5674 49.8572 57.9156 48.0126 43.7116 44.5389 36.8214 74.7029 50.3782 94.2994 316.719 370.853 116.535 41.8211 104.219 52.2996
threshold=0 38.500000000000007 0.98495212038303703 179.67500000000004 2.0001262785705269 5075.795000000001 19159.355000000003 0.55304849285656765 2.0000000000000004 4.0659559462360102 2.0000000000000004 4.5000000000000009 1.0000000180025095e-35 0.50393702330322965 1 3.5000000000000004 1.0000000180025095e-35 748.57500000000016 19.500000000000004 20029.230000000003 1.1743461650646403 4.5000000000000009 6.5000000000000009 4.5000000000000009 2.2035961491544827 3001.3700000000003 9996.720000000003 5075.795000000001 2.0000000000000004 1443.8750000000002
decision_type=1 2 2 2 2 2 2 2 2 2 2 2 2 2 1 2 2 2 2 2 2 2 2 2 2 2 2 2 2 2
left_child=2 -2 4 -4 5 8 7 10 -1 15 -7 13 -13 -6 -11 16 -5 -10 19 -17 21 27 -22 24 -24 -26 -27 28 29 -18
right_child=1 -3 3 9 11 6 -8 -9 17 14 -12 12 -14 -15 -16 18 20 -19 -20 -21 22 -23 23 -25 25 26 -28 -29 -30 -31
leaf_value=0.13092345272273381 -0.048555427762482381 0.021496227445093663 -0.038675713224972333 -0.023103767828342076 -0.05595536653320287 -0.090889058069408946 0.022760008181108359 0.056394734272642834 -0.051193738013442007 -0.03453575022175407 0.024449340750302462 -0.4124974730971393 -0.065867512903034831 0.12315081235474207 0.019699749491280612 0.082674859187267163 0.46927188118894486 0.065635996270140301 0.01083222513303362 0.030872158702882936 0.015008147649634951 -0.0085430137421630345 0.089668312075327092 -0.050091728900376588 -0.050110876282144792 5.4285186106923584 2.5413313261873656 0.051417525802376796 0.058742498719231463 0.19565129349238841
leaf_weight=22.238446951946962 1259.6362684895291 271.85067210893612 44.038412803085521 51.445892302381395 48.194092237037182 97.08642040938139 56.946426281589083 17.342210364528 15.057940564816823 50.642679144707621 12.874980065273119 2.9982313183136275 110.90690022223578 13.5186377899372 177.72282535366443 130.77157584193623 2.1176552744000281 21.140214492450468 43.723543351283297 60.777303631475661 139.87741778208874 30.231621649127632 0.71140578977065105 1.1115516529534941 0.10743238148279488 0.063884221599437296 0.077166204457171261 41.626676862617764 20.661857440078165 9.9612032191362214
leaf_count=4062 2615148 270189 74939 11268 2537 620 8242 1115 7998 23993 1994 66 688 1239 71884 32510 824 6913 10950 12187 65511 4894 128 786 58 26 28 8859 7421 1844
internal_value=-0.0170724 -0.0358864 0.00670681 0.0255152 -0.0293585 -0.0111542 -0.033841 -0.0591601 0.0603769 0.0292268 -0.0773845 -0.054515 -0.0749916 -0.0167208 0.00702274 0.0387354 0.0251509 0.0170364 0.0559414 0.0662382 0.03522 0.0577298 0.018633 0.263406 0.626436 2.1632 3.84899 0.0846708 0.126949 0.243622
internal_weight=2755.46 1531.49 1223.97 805.67 418.305 242.687 184.25 127.304 58.4366 761.632 109.961 175.618 113.905 61.7127 228.366 533.266 297.994 36.1982 235.272 191.549 246.548 104.599 141.949 2.07144 0.959889 0.248483 0.14105 74.3674 32.7407 12.0789
internal_count=3248921 2885337 363584 328110 35474 30944 11971 3729 18973 253171 2614 4530 754 3776 95877 157294 101647 14911 55647 44697 90379 23842 66537 1026 240 112 54 18948 10089 2668
cat_boundaries=0 1 2
cat_threshold=8 21224
is_linear=0
shrinkage=0.05


Tree=11
num_leaves=31
num_cat=2
split_feature=2 5 8 0 7 0 0 7 4 8 4 6 0 5 4 8 8 5 0 7 0 7 5 0 0 0 0 3 4 1
split_gain=463.352 416.668 266.09 88.2707 71.5052 129.694 93.6656 95.5771 70.6302 57.9972 54.2342 51.99 75.9168 56.4105 50.0583 118.736 77.0944 56.367 237.162 444.43 721.222 76.3485 48.8848 47.0938 45.1857 41.9046 155.547 477.879 3089.71 40.7252
threshold=0 38.500000000000007 0.98495212038303703 338.70500000000004 2.0001262785705269 5075.795000000001 19159.355000000003 0.55304849285656765 2.0000000000000004 3.2551214479745263 2.0000000000000004 1.0000000180025095e-35 5075.795000000001 1.0000000180025095e-35 4.5000000000000009 0.50393702330322965 1.0000000180025095e-35 8.5000000000000018 1677.9850000000004 9.455323394736892 8839.6900000000005 10.953851851228402 16.500000000000004 944.80500000000006 748.57500000000016 1231.3500000000001 650.84000000000003 16.500000000000004 2.0000000000000004 1
decision_type=1 2 2 2 2 2 2 2 2 2 2 2 2 2 2 2 2 2 2 2 2 2 2 2 2 2 2 2 2 1
left_child=2 -2 4 -4 5 8 7 10 -1 11 -7 12 -5 -14 15 17 -16 25 23 20 -20 -21 -23 -19 -10 26 -6 28 -28 -11
right_child=1 -3 3 9 14 6 -8 -9 24 29 -12 -13 13 -15 16 -17 -18 18 19 21 -22 22 -24 -25 -26 -27 27 -29 -30 -31
leaf_value=0.11439511433547828 -0.049333816324686898 0.019657003779435994 -0.020562541178708173 0.076544304940873956 -0.050663459817926582 -0.085401364474014432 0.021210227960848146 0.050889457244176678 -0.044638329016236933 0.021971338009790072 0.02269986071419482 0.049876707119777847 -0.03328225979418508 0.059215391722152094 -0.28412882354592495 0.10498815444711913 -0.063233986446008111 0.077974541988316382 -16.60121962543418 -2.5327401612963247 -2.6183495697039687 -0.50982154536605717 1.9344171245958 2.665642558262757 0.058157367835063603 -0.039501930737482691 -23.569388594030944 -0.051879340694924059 -0.050044525709858595 -0.015789571286228495
leaf_weight=25.661278663196974 1160.8551441770983 269.69448199006729 111.39294462520047 33.207765957224254 1.283747311916392 98.129723856691271 58.017984141595662 18.229481466347352 20.290217212517753 228.23938221237304 13.158297319430856 312.28469333289746 70.481922407656199 21.514523630146869 4.0973600742290719 15.40904948976822 109.7931461304552 0.39062527550777293 0.012083750801294139 0.040279169334737408 0.038936530358423961 0.10875375720355641 0.025195469148882724 0.018411474579806963 22.594987715245225 45.009780600172249 0.017007248421009424 0.23302734369644895 0.078036044491454959 95.278677251593678
leaf_count=4968 2529861 262357 174860 8640 1259 621 8247 1123 19896 79542 2002 90712 3529 3855 73 1537 729 442 14 33 39 88 21 18 6992 1418 27 27 89 45902
internal_value=-0.0165598 -0.0360751 0.00506993 0.021008 -0.0269516 -0.0100733 -0.0315858 -0.055236 0.0487825 0.027093 -0.0726199 0.0389628 0.0117413 -0.0116505 -0.0514324 -0.0155403 -0.071181 -0.0548418 -0.523014 -1.82588 -5.93008 -0.624026 -0.0500672 0.19445 0.00952178 -0.0484723 -0.298969 -1.2706 -4.25865 0.0110415
internal_weight=2735.59 1430.55 1305.04 872.4 432.637 256.082 187.535 129.518 68.5465 761.007 111.288 437.489 125.204 91.9964 176.555 62.6649 113.891 47.2559 0.634285 0.225249 0.0510203 0.174228 0.133949 0.409037 42.8852 46.6216 1.61182 0.328071 0.0950433 323.518
internal_count=3248921 2792218 456703 407040 49663 43849 11993 3746 31856 232180 2623 106736 16024 7384 5814 5012 802 3475 655 195 53 142 109 460 26888 2820 1402 143 116 125444
cat_boundaries=0 1 2
cat_threshold=72 9477
is_linear=0
shrinkage=0.05


Tree=12
num_leaves=31
num_cat=2
split_feature=2 5 8 0 7 0 0 7 4 8 4 1 8 4 5 0 7 7 0 0 0 4 5 7 7 8 7 7 0 0
split_gain=447.075 402.546 226.282 77.859 58.2704 112.673 83.4211 85.5783 57.6 89.963 53.8893 51.4279 49.0101 48.8931 41.2806 230.133 2033.2 8244.44 8129.89 2662.65 39.5418 38.0103 65.4962 456.916 54.5632 38.677 35.6933 140.028 98.3638 102.147
threshold=0 38.500000000000007 0.98495212038303703 255.69000000000003 2.0001262785705269 5075.795000000001 19159.355000000003 0.55304849285656765 4.5000000000000009 0.50393702330322965 2.0000000000000004 1 1.0000000180025095e-35 2.0000000000000004 8.5000000000000018 1677.9850000000004 11.526805586795534 10.953851851228402 9996.720000000003 55204.990000000013 748.57500000000016 1.0000000180025095e-35 19.500000000000004 15.826981529109192 3.3610363216337995 2.9829806282860383 0.86447548097593885 1.0000000180025095e-35 166.99500000000003 94.715000000000018
decision_type=1 2 2 2 2 2 2 2 2 2 2 1 2 2 2 2 2 2 2 2 2 2 2 2 2 2 2 2 2 2
left_child=2 -2 4 26 5 10 7 13 9 14 -1 -5 -10 -7 -6 -16 17 18 -17 -20 -12 22 -13 -24 -23 -26 27 -4 29 -29
right_child=1 -3 3 11 8 6 -8 -9 12 -11 20 21 -14 -15 15 16 -18 -19 19 -21 -22 24 23 -25 25 -27 -28 28 -30 -31
leaf_value=0.096989338733910496 -0.049297892242079422 0.018301893015181581 -0.022841394692068025 -0.0074487264777320615 -0.037702596809446841 -0.08057532302366649 0.019795009115213261 0.046182960794510682 -0.22138503035694451 0.08984821842915125 -0.043363511134588542 0.0022037168799959568 -0.060788981422860017 0.02112900425109385 0.09689140722916359 -167.08724581328704 -0.050376080725338501 -0.050040429430200151 -77.215825375298166 -0.050005068231931717 0.052081363364132716 0.045753555629355541 6.5832006353178585 -0.050119426538432987 0.048312705936878489 -0.002768725914428909 -0.03285743287166093 0.59272339747083858 0.18603774284009741 2.029532892767167
leaf_weight=28.666160371504034 1105.0243092885939 275.03707632259466 7.3515944647951965 110.48508709950909 45.544832831900266 98.787967311247485 59.030555231816834 19.060145823517814 4.9681452123331828 17.057905461988412 19.853661026863833 115.37495842380565 108.53080121186693 13.422656403621657 0.67929388138873292 0.001496661897789766 0.21522829192944756 0.021796002401970327 0.0019438658140725476 0.0026309434438852898 23.932468538463581 390.16250506021743 0.030151032318825766 0.18679086380871013 52.622304957301822 125.27653746592114 86.881742935598595 0.46674627307220351 1.0558937896275891 0.16830478684278205
leaf_count=4968 2529861 262357 10736 43225 2820 621 8247 1123 73 1537 19896 32027 729 2002 460 29 82 27 27 30 6992 80941 23 134 20045 65263 152951 978 412 305
internal_value=-0.0157743 -0.035568 0.00499669 0.0195321 -0.0243077 -0.00936877 -0.0295715 -0.0517709 -0.0464813 -0.00835816 0.0436953 0.0246717 -0.0678187 -0.0684094 -0.0444093 -0.375565 -1.69577 -14.4036 -65.9316 -32.8383 0.00880441 0.0295395 0.00383575 0.871793 0.0352898 0.0123411 -0.0230178 0.0715227 0.481782 0.973515
internal_weight=2709.9 1380.06 1329.84 890.063 439.778 262.754 190.301 131.271 177.024 63.5251 72.4523 794.138 113.499 112.211 46.4672 0.92239 0.243096 0.0278675 0.00607147 0.00457481 43.7861 683.653 115.592 0.216942 568.061 177.899 95.9243 9.04254 1.69094 0.635051
internal_count=3248921 2792218 456703 407040 49663 43849 11993 3746 5814 5012 31856 241658 802 2623 3475 655 195 113 86 57 26888 198433 32184 157 166249 85308 165382 12431 1695 1283
cat_boundaries=0 1 2
cat_threshold=72 21186
is_linear=0
shrinkage=0.05


Tree=13
num_leaves=31
num_cat=3
split_feature=2 5 8 0 4 1 7 4 5 7 4 8 0 4 6 0 7 7 0 5 8 8 1 4 5 7 8 6 0 0
split_gain=426.14 389.221 179.68 68.4795 53.0348 47.0637 50.5487 60.7162 63.7094 521.857 79.2148 125.104 49.1862 46.7474 45.8787 44.037 43.181 40.7622 39.9838 85.0527 38.8807 37.0667 36.3681 34.2496 40.573 40.484 33.1184 45.4151 81.8958 353.522
threshold=0 38.500000000000007 0.98495212038303703 179.67500000000004 1.0000000180025095e-35 1 1.9781729490170952 4.5000000000000009 9.5000000000000018 7.8255924483101573 2.0000000000000004 0.79844752463558522 5075.795000000001 2.0000000000000004 1.0000000180025095e-35 24133.905000000002 3.3610363216337995 0.55304849285656765 7848.8400000000011 1.0000000180025095e-35 0.50393702330322965 2.9829806282860383 2 3.5000000000000004 8.5000000000000018 0.64869735330765521 4.1145306414028893 5.5000000000000009 21033.540000000005 11321.875000000002
decision_type=1 2 2 2 2 1 2 2 2 2 2 2 2 2 2 2 2 2 2 2 2 2 1 2 2 2 2 2 2 2
left_child=2 -2 5 -4 -5 6 12 8 20 -10 11 -11 13 -1 17 -7 22 -14 19 -16 -8 -18 26 24 25 -17 -6 28 29 -28
right_child=1 -3 3 4 16 15 7 -9 9 10 -12 -13 14 -15 18 23 21 -19 -20 -21 -22 -23 -24 -25 -26 -27 27 -29 -30 -31
leaf_value=0.093909193676636041 -0.049260287642683157 0.017063889110192007 -0.026820313627706722 -0.0058511984682990299 0.023919444760055371 -0.06138079400073209 -0.028133920725709124 -0.059314474646670549 4.1395257587202092 1.61971189981637 -0.0037068340810012344 -0.050824169968991674 -0.037166757607410755 0.0068355830911881292 1.2741970631968618 0.15370002332173571 0.040659887519134033 0.041371329796626624 0.089015955001536418 -0.051177621273998046 0.079412494946610915 -0.0054412937263902516 0.042657035977435226 -0.034278042076268715 0.65040734710468784 -0.018194384468085786 -0.10078387729521834 0.071547789000675863 -0.029567011644088259 -1.5386449034743175
leaf_weight=27.330922173183176 1051.9141264845093 280.10625531780533 79.707933288038589 144.40941297287918 78.597757446109981 113.9250971656562 34.376877171345605 78.099103138630113 0.083524501419902974 0.20952162592592172 2.1277473770169308 0.24096529639791697 73.588889400969492 35.353066449170008 0.22642838349565764 5.579085555858911 62.339283715205966 21.303811666555703 4.5990483041387051 0.26008394616656005 11.123140989220699 145.05740785491071 373.63689354352624 28.128000351724204 0.28518073835662505 8.8728354532706604 3.319320667354865 6.9058993905491652 17.059951465111226 0.49068021888432189
leaf_count=4426 2529861 262357 152969 41313 18719 6147 3830 587 22 47 614 39 4454 22766 23 1596 25750 1889 484 20 965 85454 75609 673 40 1041 1105 4784 1097 240
internal_value=-0.0151037 -0.0350501 0.0046957 0.0174517 0.021694 -0.0212861 -0.00806924 -0.0320865 0.0120665 0.249828 0.123818 0.726143 0.0100772 0.0448007 -0.0116936 -0.0424212 0.0274807 -0.0195346 0.134615 0.565667 -0.00184264 0.0084158 0.035718 -0.00192743 0.0598186 0.0481645 0.00670417 -0.0395965 -0.0763743 -0.285962
internal_weight=2689.26 1332.02 1357.24 911.525 831.817 445.713 288.923 126.261 48.1618 2.66176 2.57823 0.450487 162.662 62.684 99.9783 156.79 687.407 94.8927 5.08556 0.486512 45.5 207.397 480.011 42.8651 14.7371 14.4519 106.374 27.7759 20.87 3.81
internal_count=3248921 2792218 456703 407040 254071 49663 40166 6104 5517 722 700 86 34062 27192 6870 9497 212758 6343 527 43 4795 111204 101554 3350 2677 2637 25945 7226 2442 1345
cat_boundaries=0 1 2 3
cat_threshold=72 2631 23250
is_linear=0
shrinkage=0.05


Tree=14
num_leaves=31
num_cat=4
split_feature=2 5 8 0 4 0 1 1 4 1 7 4 7 0 8 4 7 6 0 4 6 0 8 0 0 7 8 6 4 8
split_gain=401.52 376.596 163.581 61.7402 49.7131 44.7443 68.1194 65.465 46.9113 42.6958 47.3152 51.9113 44.218 41.3699 38.0321 79.7612 138.738 693.946 36.2406 46.4829 37.377 36.2705 381.233 35.0195 34.4355 50.7069 55.2794 121.288 315.957 62.7947
threshold=0 38.500000000000007 0.98495212038303703 338.70500000000004 1.0000000180025095e-35 19159.355000000003 1 2 2.0000000000000004 3 1.9781729490170952 4.5000000000000009 0.64869735330765521 24133.905000000002 4.3091292443537528 4.5000000000000009 2.0001262785705269 5.5000000000000009 5075.795000000001 2.0000000000000004 1.0000000180025095e-35 108.78500000000001 0.89060688587958914 1899.2350000000004 11817.675000000001 0.4324974597602938 3.463424160874065 9.5000000000000018 2.0000000000000004 4.8015624134688286
decision_type=1 2 2 2 2 2 1 1 2 1 2 2 2 2 2 2 2 2 2 2 2 2 2 2 2 2 2 2 2 2
left_child=2 -2 9 -4 -5 7 -7 14 -8 10 12 -12 18 -11 -6 -16 17 -17 19 21 -20 22 -1 -19 -9 26 -26 28 -28 -30
right_child=1 -3 3 4 5 6 8 24 -10 13 11 -13 -14 -15 15 16 -18 23 20 -21 -22 -23 -24 -25 25 -27 27 -29 29 -31
leaf_value=0.22127231136035028 -0.049220920165667641 0.015929825287330945 -0.019416667032156901 -0.0062351126590830825 -0.0032874372407629368 -0.018944569393442676 0.1096683356847253 0.036954192588048357 0.0227600719070227 -0.059559787124498581 0.0081433848040917654 -0.057026783009719431 0.059135056499997007 -0.0019811657639558912 -0.029746692107473573 -2.8182170993427387 -0.050043405663172939 1.9406584959535516 -0.033193915444024023 -0.015861626906796291 0.11466706745462329 0.070349955564754429 7.0782655468296127 0.034350585678531088 0.0253998543418015 0.10596570076921695 -3.0161240190185943 -0.00044062792287376289 0.56340396699830519 -1.006660437588472
leaf_weight=0.55237786244847598 1001.3921378313687 284.91649606125429 106.94398760871263 139.29886816892588 35.736242825193202 111.90902023161834 18.448240392579464 357.52118663791924 98.067112641125277 111.59773372618299 50.57705679214186 77.193674741497858 35.034511605474762 43.300534485504201 6.3274146855552482 0.30079687229954766 1.3271071172057416 0.025116767094004899 76.172418416070286 26.975975476554602 4.5280943195102727 23.161107998166699 0.021042600972577929 0.59017259458778426 8.2800070514682815 40.205515787878454 0.13520448999245022 0.89022460370324552 0.16289802818414706 0.10456082299535141
leaf_count=540 2529861 262357 174860 37563 14692 39146 5354 97453 22879 6147 5517 587 6748 3350 6183 33 1623 30 4550 19034 430 2747 13 534 513 6037 19 51 35 35
internal_value=-0.0145875 -0.0345217 0.00427551 0.0163135 0.0209773 0.0265515 0.00851787 0.035673 0.0336339 -0.0204571 -0.00807004 -0.0312297 0.00922345 -0.0408283 -0.0211908 -0.120566 -0.376743 -0.850024 -0.00408312 0.0290408 -0.0248975 0.0800755 0.472901 0.112168 0.0413635 0.0813415 -0.0220784 -0.326142 -1.04622 -0.0503997
internal_weight=2661.7 1286.31 1375.39 926.274 819.33 680.031 228.424 451.606 116.515 449.115 294.216 127.771 166.446 154.898 44.3069 8.57061 2.24319 0.916086 131.411 50.7105 80.7005 23.7345 0.57342 0.615289 407.3 49.7784 9.57289 1.29289 0.402663 0.267459
internal_count=3248921 2792218 456703 407040 232180 194617 67379 127238 28233 49663 40166 6104 34062 9497 23095 8403 2220 597 27314 22334 4980 3300 553 564 104143 6690 653 140 89 70
cat_boundaries=0 1 2 3 4
cat_threshold=72 18757 21234 2631
is_linear=0
shrinkage=0.05


Tree=15
num_leaves=31
num_cat=3
split_feature=2 5 8 0 8 4 0 1 0 7 4 7 1 5 0 8 5 7 4 3 3 6 6 0 8 8 8 3 3 7
split_gain=375.131 364.589 152.782 55.6449 39.2553 43.9197 42.1488 36.8925 38.7453 38.2613 47.7675 41.5201 33.4522 33.0738 40.3078 32.3004 37.267 1107.44 29.7037 28.756 35.9867 27.6263 27.2681 27.4412 55.9618 57.9294 43.3682 40.5393 26.3382 26.0374
threshold=0 38.500000000000007 0.98495212038303703 161.06500000000003 3.2551214479745263 2.0000000000000004 17498.000000000004 1 24133.905000000002 1.9781729490170952 4.5000000000000009 0.64869735330765521 2 2.5000000000000004 6928.5350000000008 0.50393702330322965 9.5000000000000018 8.0004938881343381 3.5000000000000004 10.500000000000002 15.500000000000002 1.5000000000000002 18.500000000000004 16031.805000000002 4.435579917975728 3.9996914056472774 5.8068064003658266 15.500000000000002 18.500000000000004 16.11741476310058
decision_type=1 2 2 2 2 2 2 1 2 2 2 2 1 2 2 2 2 2 2 2 2 2 2 2 2 2 2 2 2 2
left_child=2 -2 7 -4 12 -6 13 9 -9 11 15 -1 -5 21 -15 16 -11 -18 -10 -16 -21 -7 23 -23 25 -25 -26 -28 29 -14
right_child=1 -3 3 4 5 6 -8 8 18 10 -12 -13 28 14 19 -17 17 -19 -20 20 -22 22 -24 24 26 -27 27 -29 -30 -31
leaf_value=-0.006460167337701034 -0.04917969468444635 0.014888428792651254 -0.026387102017994785 -0.0062120585244025877 -0.021948593002153294 -0.015973386090866428 -0.0083178845369280621 -0.057794976788892574 0.052987875121374053 -0.02747164732130641 -0.054871218834751427 0.053442197968831665 0.038018926055883008 -0.015768317151391674 0.0030231081208576798 0.066300345219828069 9.5413888013087824 -0.050430887892546107 -0.033178597036071976 0.233710549055925 0.041812478065932988 0.071303310773355194 -0.014776775210531862 0.2421637778992925 -0.14714465704238208 1.5809921482545573 0.29957320804987725 1.9553970011683082 0.0088939141427612622 0.1872916740238475
leaf_weight=135.48835316274196 953.33229108786372 289.48142045200802 74.022606188576674 67.589056214023159 100.32002776645402 12.498152786673584 100.73899020052008 109.31390327815525 15.70574085433975 33.962396635113485 76.239296522760881 36.780255085090431 347.50627202839166 51.051787509408314 8.4515243708301586 16.077710036013741 0.031274812296078869 0.79601909434805684 27.539227277630275 4.4649729208322224 5.3951843332470162 66.815926034091859 9.5912579177238495 0.17089298390783247 0.53360957345284987 0.15325084308278758 0.14292113631381653 0.049860638784593903 89.579659463948644 2.9460714807210016
leaf_count=27314 2529861 262357 149077 17797 39404 3204 32809 6147 2677 3830 587 6748 78401 31215 3033 1201 10 476 673 1212 1849 20604 5598 39 81 39 56 25 21300 1297
internal_value=-0.0141584 -0.0339832 0.00373382 0.015226 0.0187747 0.00615499 0.0169962 -0.0201381 -0.039366 -0.00873304 -0.0298342 0.0063293 0.0277339 0.0330026 0.00705914 0.0076909 -0.0193949 0.312176 -0.00188459 0.0707006 0.12871 0.0530071 0.0641374 0.07529 0.328849 0.875144 0.0850711 0.727832 0.0323539 0.0392738
internal_weight=2636.77 1242.81 1393.96 942.022 867.999 360.378 260.058 451.934 152.559 299.375 127.107 172.269 507.621 159.319 69.3635 50.8674 34.7897 0.827294 43.245 18.3117 9.86016 89.9559 77.4577 67.8665 1.05054 0.324144 0.726391 0.192782 440.032 350.452
internal_count=3248921 2792218 456703 407040 257963 139168 99764 49663 9497 40166 6104 34062 118795 66955 37309 5517 4316 486 3350 6094 3061 29646 26442 20844 240 78 162 81 100998 79698
cat_boundaries=0 1 2 3
cat_threshold=72 2631 17730
is_linear=0
shrinkage=0.05


Tree=16
num_leaves=31
num_cat=1
split_feature=2 7 8 0 4 7 0 0 7 4 0 4 8 7 5 4 0 5 8 6 5 0 7 8 4 8 8 0 0 6
split_gain=353.045 353.142 138.166 49.7497 36.478 35.1331 71.1643 61.5155 77.2965 54.5454 53.9024 40.6508 38.7995 33.9098 32.0811 428.455 31.7345 30.3444 29.8395 29.1205 81.4612 39.4062 34.2118 27.9588 27.8172 27.6597 26.8607 58.229 50.2522 26.5629
threshold=0 27.805839456582422 0.98495212038303703 161.06500000000003 1.0000000180025095e-35 1.9781729490170952 5075.795000000001 19159.355000000003 0.99993056519927803 4.5000000000000009 856.42000000000007 2.0000000000000004 0.50393702330322965 3.3610363216337995 8.5000000000000018 2.0000000000000004 12878.860000000002 7.5000000000000009 3.226351684585794 1.0000000180025095e-35 1.5000000000000002 5075.795000000001 1.0882297762323672 2.9829806282860383 2.0000000000000004 1.0000000180025095e-35 4.0659559462360102 22038.330000000005 16743.745000000003 1.0000000180025095e-35
decision_type=1 2 2 2 2 2 2 2 2 2 2 2 2 2 2 2 2 2 2 2 2 2 2 2 2 2 2 2 2 2
left_child=2 -2 5 -4 18 6 10 8 11 12 -1 -8 14 17 -7 -16 -10 19 29 20 21 -6 -22 -15 -9 -11 -23 28 -28 -5
right_child=1 -3 3 4 13 9 7 24 16 25 -12 -13 -14 23 15 -17 -18 -19 -20 -21 22 26 -24 -25 -26 -27 27 -29 -30 -31
leaf_value=-0.025042324024776387 -0.049190206675286847 0.013766422049237141 -0.025754947435943601 -0.026860438223613656 0.043921912140725647 -0.034082380723759485 -0.067096023962649395 0.06673190461520187 0.042817720648438154 -0.1613378406794278 0.060854171484886782 0.012631307616335567 0.05177967198932959 0.031795860746513548 4.5696816977747519 0.0030402037624706717 0.25848458008377379 0.61339777113291405 -0.037126386489229384 0.03437362180178119 0.62487469636685411 -0.01863899411644759 0.16134633996605274 -0.0067843913837195638 -0.0062584312336987739 -0.05239655760446596 -0.20477868472837649 -0.065326170967527741 -1.0721270881307539 0.029267908314462566
leaf_weight=27.873089812525393 906.07749725750159 295.3511209350836 72.097051556774545 31.423446533078504 28.124664230999798 45.597113266815818 102.41904838531627 19.277899750508368 7.1810900499112886 6.173720845472416 52.978717798039668 18.94548635854153 22.677528848056681 68.52590364869684 0.054343536419927285 0.93651923340803478 2.2370776135940105 0.22191681782714923 49.254232437386179 421.00629574489392 0.43659357493743201 63.551039175422886 4.5119143535848707 149.21651166991796 40.427356237458298 103.57417458225122 0.39390685543565607 3.2837933748378418 0.28989988918314968 64.032627375852542
leaf_count=21226 2525489 266729 149077 6584 4713 4745 737 1177 446 74 9420 2261 1561 26195 39 616 159 17 19639 95277 7 2262 480 86903 6449 753 36 69 15 15766
internal_value=-0.0136798 -0.0334351 0.00340587 0.0141831 0.0174393 -0.019405 -0.00806173 -0.024744 -0.0439422 -0.0365985 0.031242 -0.0546503 -0.00185725 0.0219315 -0.027966 0.253496 0.0940446 0.0288475 -0.00551846 0.0285988 0.00442946 -0.00580521 0.202242 0.00535723 0.017309 -0.0585249 -0.0265189 -0.152735 -0.572491 0.0107909
internal_weight=2608.15 1201.43 1406.72 956.37 884.273 450.353 271.34 190.488 130.783 179.013 80.8518 121.365 69.2655 739.562 46.588 0.990863 9.41817 521.82 144.71 521.598 100.592 95.6433 4.94851 217.742 59.7053 109.748 67.5186 3.9676 0.683807 95.4561
internal_count=3248921 2792218 456703 407040 257963 49663 41875 11229 3603 7788 30646 2998 6961 215974 5400 655 605 102876 41989 102859 7582 7095 487 113098 7626 827 2382 120 51 22350
cat_boundaries=0 1
cat_threshold=72
is_linear=0
shrinkage=0.05


Tree=17
num_leaves=31
num_cat=3
split_feature=2 7 8 0 4 7 0 0 7 4 0 4 8 0 1 1 4 0 7 0 7 8 0 3 6 6 8 8 7 3
split_gain=333.254 342.245 124.101 44.6877 35.7129 32.8483 63.0212 55.3995 67.7532 49.1701 45.546 37.2166 34.9748 30.473 59.6036 50.9223 28.0192 28.0073 41.9718 37.816 51.7764 252.592 490.977 2277.02 2110.62 1221.31 1886.92 52.4438 69.627 107.527
threshold=0 27.805839456582422 0.98495212038303703 338.70500000000004 1.0000000180025095e-35 1.9781729490170952 5075.795000000001 19159.355000000003 0.99993056519927803 4.5000000000000009 915.32500000000016 2.0000000000000004 0.50393702330322965 19159.355000000003 1 2 2.0000000000000004 3989.7100000000005 2.236811534653774 17498.000000000004 0.55304849285656765 2.6945387492857114 5075.795000000001 7.5000000000000009 9.5000000000000018 2.5000000000000004 3.3501739184376684 4.0002415750694533 0.98343864912211976 9.5000000000000018
decision_type=1 2 2 2 2 2 2 2 2 2 2 2 2 2 1 1 2 2 2 2 2 2 2 2 2 2 2 2 2 2
left_child=2 -2 5 -4 17 6 10 8 11 12 -1 -8 -7 15 -15 -6 -16 18 -5 20 21 -19 -23 -24 25 -25 -27 -22 29 -29
right_child=1 -3 3 4 13 9 7 -9 -10 -11 -12 -13 -14 14 16 -17 -18 19 -20 -21 27 22 23 24 -26 26 -28 28 -30 -31
leaf_value=-0.023081763768762368 -0.049147642021806499 0.01289501230613789 -0.017999795148987821 0.066760022102968344 0.033251160830727794 -0.027821090136580712 -0.064099114727835624 0.016235582333245419 0.08202799265265151 -0.056163511809184885 0.054912254028432916 0.011864379699333977 0.046884344295269248 -0.023884976936835993 0.076420527018413911 -0.020045222488614199 0.017538398247818828 -0.057396884352424384 -0.027911318765210042 0.014099582972470019 0.031245836248754245 0.046350881980616959 -0.13423794585566873 -5.1777706772335037 0.70618925610846794 -8.1000915547917227 -25.887836158699628 -0.050254092356792748 -0.097111754503473563 -3.1107381528000206
leaf_weight=28.249196914240677 862.61550558044064 299.43589552282356 102.23512159840891 26.563064983434955 445.55681317386552 45.985526125003915 101.86095124666463 60.376816943782615 10.213722367363514 108.64455017981099 55.48074170926666 19.156041854585055 23.763335305498913 90.879849193778909 24.295246062771184 46.549763009828098 119.96464096184263 19.279436997776923 20.93373591938871 40.405318079828142 22.340984600712549 1.0362742524594066 0.61243789397988102 0.057382274649029841 0.066115681467330489 0.036807998492414562 0.025059479355782732 0.069244802975738984 8.5180145727904257 0.049014846177821259
leaf_count=21448 2525489 266729 174860 6256 104143 5400 737 7626 605 827 9198 2261 1561 32396 6675 23095 28308 605 11274 12859 4355 401 76 13 73 17 33 28 1554 19
internal_value=-0.0131631 -0.0328776 0.00314284 0.0132657 0.0169515 -0.0184171 -0.00758824 -0.0234013 -0.0416374 -0.0351308 0.0285983 -0.0520747 -0.00236906 0.0214032 0.00659663 0.0284781 0.0256751 -0.00617455 0.0250346 -0.0222005 -0.0503574 -0.110738 -0.671447 -1.6038 -6.45917 -10.4319 -15.305 -0.00920316 -0.11384 -1.31873
internal_weight=2585.26 1162.05 1423.21 969.474 867.239 453.731 275.337 191.608 131.231 178.393 83.7299 121.017 69.7489 727.246 235.14 492.107 144.26 139.993 47.4968 92.4961 52.0908 21.1135 1.83408 0.797803 0.185365 0.11925 0.0618675 30.9773 8.63627 0.11826
internal_count=3248921 2792218 456703 407040 232180 49663 41875 11229 3603 7788 30646 2998 6961 194617 67379 127238 34983 37563 17530 20033 7174 1218 613 212 136 63 50 5956 1601 47
cat_boundaries=0 1 2 3
cat_threshold=72 18693 11533
is_linear=0
shrinkage=0.05


Tree=18
num_leaves=31
num_cat=4
split_feature=2 5 8 7 6 0 0 0 1 1 0 4 4 0 4 7 0 1 0 4 4 0 8 6 0 6 6 8 4 7
split_gain=336.449 331.79 123.905 51.8457 51.0584 57.9575 50.6213 34.0272 67.8872 42.2582 46.1589 51.8951 33.4095 75.2014 66.1074 87.3903 105.515 31.7109 40.1299 35.6833 30.3451 96.5583 44.0096 49.0624 67.2435 257.935 42.3281 93.1272 120.292 509.59
threshold=0 28.500000000000004 0.98495212038303703 1.3452106911180313 1.0000000180025095e-35 5075.795000000001 944.80500000000006 20029.230000000003 1 2 11817.675000000001 3.5000000000000004 3.5000000000000004 41264.290000000008 4.5000000000000009 0.99993056519927803 18337.265000000003 3 24133.905000000002 3.5000000000000004 4.5000000000000009 1079.3650000000002 4.0192561164130147 5.5000000000000009 673191.51500000013 11.500000000000002 7.5000000000000009 4.0002415750694533 1.0000000180025095e-35 0.98343864912211976
decision_type=1 2 2 2 2 2 2 2 1 1 2 2 2 2 2 2 2 1 2 2 2 2 2 2 2 2 2 2 2 2
left_child=2 -2 17 4 5 -4 -5 9 -9 10 11 -8 13 -7 15 -14 -17 -1 -19 -20 26 -22 -23 -24 -25 -26 27 -6 29 -29
right_child=1 -3 3 6 20 12 7 8 -10 -11 -12 -13 14 -15 -16 16 -18 18 19 -21 21 22 23 24 25 -27 -28 28 -30 -31
leaf_value=-0.0064820204383117253 -0.049103061106338622 0.012091470924714316 0.055821121622155294 -0.02381527085556405 0.045607252558413393 -0.12159004826053046 -0.0050694507961095443 0.027487829236193223 -0.035287059661859313 -0.035875093863525852 0.073387606741791372 0.045580956537791567 0.088793152217448865 0.20935991380037167 -0.017366630045197767 2.417369210721751 0.44061355069713515 -0.053554804859033078 0.049492393023262943 -0.033383212831523526 0.22480484461381034 0.031809879385843412 -0.064063121315212065 0.0360579059268313 4.1923329593655945 -0.05010811054974177 0.0013979007367935234 1.5597289697228964 0.1218819234692195 -0.13280948442184767
leaf_weight=290.48022768085627 821.28127158764914 303.30383979409817 27.223303875012462 126.67891553675514 161.78736757619561 16.714510726256673 107.1261595029155 71.442596907942971 82.295687660252327 21.541466291144957 47.94959284837779 95.790620862435077 0.71990260388702043 1.9129392791364797 46.858153681179239 0.10131647146772593 0.20229868125170469 110.83749199907447 21.228543006675835 33.460340817467824 5.2738850877649659 67.133343750901986 33.099998379172575 13.012043863185678 0.047142849885859373 0.14926961343735456 41.336237819087415 0.74396887599873451 15.847462269206416 1.1056091436139466
leaf_count=39008 2525370 266848 5577 177620 46402 265 29428 24208 40247 13646 7618 25694 457 209 465 41 53 6436 3341 878 2891 6228 416 5063 29 77 13267 179 6831 129
internal_value=-0.0119691 -0.0323114 0.00408994 0.0140848 0.0270352 -0.00563285 0.00393516 0.0121844 -0.0066227 0.0227986 0.0281449 0.018841 -0.030787 -0.0876033 -0.00868372 0.388833 1.10026 -0.0174339 -0.0341957 -0.00121345 0.0360536 0.0156673 0.00594455 -0.0315524 0.0499185 0.968161 0.0470134 0.0575189 0.166416 0.547992
internal_weight=2566.69 1124.59 1442.1 986.094 433.269 93.7324 552.825 426.146 153.738 272.408 250.866 202.917 66.5091 18.6275 47.8817 1.02352 0.303615 456.007 165.526 54.6889 339.536 118.716 113.442 46.3085 13.2085 0.196412 220.821 179.484 17.697 1.84958
internal_count=3248921 2792218 456703 407040 88579 7067 318461 140841 64455 76386 62740 55122 1490 474 1016 551 94 49663 10655 4219 81512 14704 11813 5585 5169 106 66808 53541 7139 308
cat_boundaries=0 1 2 3 4
cat_threshold=72 12984 11549 2567
is_linear=0
shrinkage=0.05


Tree=19
num_leaves=31
num_cat=3
split_feature=2 7 8 7 0 0 6 5 0 1 0 7 0 0 7 4 0 4 8 8 0 4 0 1 4 5 3 6 3 7
split_gain=313.535 321.748 108.776 43.4343 50.9783 53.0373 47.6785 58.9017 51.1096 32.9416 32.407 30.8781 55.4128 48.2114 60.6519 44.8977 39.3688 33.9403 31.2194 28.2745 70.2352 27.382 48.4191 26.7306 26.0249 22.5939 22.2615 30.7796 31.8942 27.407
threshold=0 27.805839456582422 0.98495212038303703 2.9994792606884402 1841.4900000000002 20029.230000000003 1.0000000180025095e-35 1.5000000000000002 5075.795000000001 1 10857.855000000001 1.9781729490170952 5075.795000000001 19159.355000000003 0.99993056519927803 4.5000000000000009 856.42000000000007 2.0000000000000004 0.50393702330322965 4.0659559462360102 21033.540000000005 3.5000000000000004 25295.340000000004 2 4.5000000000000009 690.50000000000011 10.500000000000002 14.500000000000002 19.500000000000004 1.7294960144419662
decision_type=1 2 2 2 2 2 2 2 2 1 2 2 2 2 2 2 2 2 2 2 2 2 2 1 2 2 2 2 2 2
left_child=2 -2 11 6 25 10 7 8 -4 26 -6 12 16 14 17 18 -1 -14 -13 21 -21 22 -10 -7 -23 -5 -8 28 29 -28
right_child=1 -3 3 4 5 23 9 -9 19 -11 -12 15 13 -15 -16 -17 -18 -19 -20 20 -22 24 -24 -25 -26 -27 27 -29 -30 -31
leaf_value=-0.022807462750110807 -0.049056387957341185 0.011351450976972292 0.032985363148342182 -0.032659805295241262 0.01630412542354746 0.023846907949883731 0.021272895936680872 0.14939640139586774 -0.10920970606232755 -0.0018031379960275367 0.069081495059573339 -0.026618542093269672 -0.060166716819938397 0.015440909746540558 0.075723466446548648 -0.053507134088836596 0.050178262274636509 0.012907545113459252 0.043467379733562267 -0.59633362947612423 -0.064190439291958709 0.14589466889704542 0.076112334626175393 -0.028599449984819343 -0.018037657746818783 0.073209151996702401 0.0743056613895757 -0.028457824128877502 0.018159313186751444 0.027735055050122016
leaf_weight=26.991632812076979 781.98187915343442 306.95536318427185 39.408341101203646 113.489172587957 95.257938331837067 26.862254077379475 201.52134413449804 5.7745181015925473 19.088634435287407 90.063486521556115 41.870741933162208 44.936336774726342 100.68981975602219 60.956117817637278 10.680644381733144 106.36988822659173 58.565972988713234 18.867646565253381 24.580926119815558 0.7654358181509896 3.2649194782716222 2.534729561652056 4.3226886953343628 74.908142263826448 53.971340641495772 5.273763009288813 109.35343046681203 13.750052639897602 61.141421786895506 44.426961002172902
leaf_count=21226 2525489 266729 11725 153931 34156 11515 44269 736 659 44346 9757 5400 737 7626 605 827 9420 2261 1561 55 64 749 1050 41012 766 6217 17651 5719 12204 10459
internal_value=-0.011591 -0.0317369 0.00363042 0.0128061 -0.00118584 0.0121236 0.0205123 -0.00668167 -0.013988 0.0272621 0.0324191 -0.0167037 -0.00629271 -0.0212593 -0.0384363 -0.033085 0.0271528 -0.0486347 -0.00183654 -0.0360391 -0.165254 -0.0295226 -0.0749917 -0.0152232 -0.010684 -0.0279586 0.0326304 0.0440664 0.0487063 0.0608515
internal_weight=2548.63 1088.94 1459.69 1007.05 357.662 238.899 649.387 129.131 123.356 520.257 137.129 452.639 276.752 191.194 130.238 175.887 85.5576 119.557 69.5173 83.9477 4.03036 79.9174 23.4113 101.77 56.5061 118.763 430.193 228.672 214.922 153.78
internal_count=3248921 2792218 456703 407040 256588 96440 150452 15804 15068 134648 43913 49663 41875 11229 3603 7788 30646 2998 6961 3343 119 3224 1709 52527 1515 160148 90302 46033 40314 28110
cat_boundaries=0 1 2 3
cat_threshold=72 9533 8848
is_linear=0
shrinkage=0.05


Tree=20
num_leaves=31
num_cat=3
split_feature=2 5 8 0 1 0 0 0 6 6 3 1 0 4 0 0 6 7 0 0 0 4 7 0 0 8 8 8 3 3
split_gain=294.95 312.018 97.1684 38.0575 30.8236 41.2757 46.3963 36.2739 64.7642 89.7399 34.8974 28.7183 35.9183 30.8053 28.7109 29.6869 31.3973 23.7252 27.6525 80.6085 38.7928 47.2237 25.3052 24.5903 23.3823 24.5232 23.0811 23.8749 22.8729 32.241
threshold=0 28.500000000000004 0.98495212038303703 118.21000000000002 1 246496.90500000003 1630571.2350000001 673191.51500000013 11.500000000000002 14.500000000000002 6.5000000000000009 2 24133.905000000002 3.5000000000000004 136381.08000000005 5498406.8650000012 30.500000000000004 1.9781729490170952 5075.795000000001 20029.230000000003 9996.720000000003 2.0000000000000004 0.64869735330765521 20029.230000000003 5692.0300000000016 4.257895552863979 1.979793772341244 1.0001736714136855 3.5000000000000004 19.500000000000004
decision_type=1 2 2 2 1 2 2 2 2 2 2 1 2 2 2 2 2 2 2 2 2 2 2 2 2 2 2 2 2 2
left_child=2 -2 11 -4 14 24 7 -7 10 -10 -9 17 -13 -14 28 -16 -17 22 -19 20 -20 -22 -1 -24 26 -26 27 -6 -5 -30
right_child=1 -3 3 4 5 6 -8 8 9 -11 -12 12 13 -15 15 16 -18 18 19 -21 21 -23 23 -25 25 -27 -28 -29 29 -31
leaf_value=-0.0040641039694136608 -0.049007468685071338 0.010660922482385364 -0.025922999329902781 0.0015745176262525733 -0.030456722885691914 0.04079636607357031 -0.021878596011809536 -0.0076126178909151597 2.2420373381930543 -0.050214992860350818 0.20389495401158447 -0.050607484432102029 0.04448458856856928 -0.031704090291204516 -0.045969828114475191 0.036112796684409115 0.90586919650737185 -0.040384558551732112 0.018529634183337012 -0.068235837688214299 0.33679574685687086 0.083300888000629125 0.065932738507319386 -0.025834669376573943 -0.011815716559992811 -0.061708529901190946 -0.0047825295402103233 0.11174169908934201 0.032143072276060773 0.0014021483590758478
leaf_weight=135.42436243093113 744.57699181788485 310.44283262919635 62.234287194442004 110.98027923536029 4.2141726928243051 26.758375323552173 22.00969651696505 2.8413694563787395 0.087238649313804539 0.083627043233718723 6.2180528617464006 108.15273225231523 22.209893014004088 32.95124672616172 31.106335311138537 13.378256354597394 0.10457285633310753 77.840087154424765 12.884766421579608 17.858513047185387 2.5314090039115991 6.699564810116919 28.127268116552727 9.8587787717115116 92.789127250324043 33.527915410593565 42.303224244762532 9.8544106250337773 457.54484546986754 104.83632195013655
leaf_count=26619 2525370 266848 138958 30263 1810 5966 10608 917 23 39 2182 6436 3341 878 15607 2593 20 4384 258 1043 46 178 5272 1208 19761 9713 25301 2843 112231 28205
internal_value=-0.0111275 -0.0311546 0.00338139 0.0119663 0.0144261 -0.0013848 0.0353061 0.0702787 0.155747 1.12014 0.137558 -0.0158256 -0.0319076 -0.00102774 0.0194746 -0.01911 0.0428586 -0.00552179 -0.0230255 0.0107771 0.0745803 0.152817 0.00605172 0.0421157 -0.0131089 -0.0250586 0.0136679 0.0691469 0.0223188 0.0264125
internal_weight=2530.43 1055.02 1475.41 1020.87 958.638 240.687 57.9984 35.9887 9.23029 0.170866 9.05942 454.539 163.314 55.1611 717.951 44.5892 13.4828 291.225 117.814 39.9743 22.1157 9.23097 173.41 37.986 182.689 126.317 56.3718 14.0686 673.361 562.381
internal_count=3248921 2792218 456703 407040 268082 79163 19735 9127 3161 62 3099 49663 10655 4219 188919 18220 2613 39008 5909 1525 482 224 33099 6480 59428 29474 29954 4653 170699 140436
cat_boundaries=0 1 2 3
cat_threshold=72 9245 2567
is_linear=0
shrinkage=0.05


Tree=21
num_leaves=31
num_cat=3
split_feature=2 7 8 7 0 0 6 5 0 7 0 0 7 4 4 0 8 8 0 7 0 1 1 4 0 4 4 7 3 5
split_gain=276.732 302.629 87.2471 36.0396 45.4236 44.5932 41.221 48.114 44.2968 27.3271 47.0006 42.5612 52.4876 40.4724 34.1614 33.2157 28.0795 26.0594 57.3073 28.1579 26.0529 25.5472 24.5783 23.9624 43.5866 22.1924 21.1187 22.053 24.6262 20.8985
threshold=0 27.805839456582422 0.98495212038303703 2.9994792606884402 1841.4900000000002 20029.230000000003 1.0000000180025095e-35 1.5000000000000002 5075.795000000001 1.9781729490170952 5075.795000000001 19159.355000000003 0.55304849285656765 4.5000000000000009 2.0000000000000004 856.42000000000007 0.50393702330322965 4.0659559462360102 21033.540000000005 1.7789543383405717 10857.855000000001 1 2 3.5000000000000004 25295.340000000004 4.5000000000000009 3.5000000000000004 3.1983218711991204 19.500000000000004 690.50000000000011
decision_type=1 2 2 2 2 2 2 2 2 2 2 2 2 2 2 2 2 2 2 2 2 1 1 2 2 2 2 2 2 2
left_child=2 -2 9 6 29 20 7 8 -4 10 15 12 14 16 -12 -1 -11 23 19 -19 26 -8 -7 24 -10 -14 -6 -28 -29 -5
right_child=1 -3 3 4 5 22 21 -9 17 13 11 -13 25 -15 -16 -17 -18 18 -20 -21 -22 -23 -24 -25 -26 -27 27 28 -30 -31
leaf_value=-0.021975199828387679 -0.048956241381620184 0.010023270859889978 0.028478093913424929 -0.032129836708062659 -0.010619145793167519 0.022266668277280421 -0.0038237777572935022 0.12730244153284556 -0.10415373440871778 -0.025343936833034902 -0.059404894879200421 0.014830219750875269 0.093598834129847361 -0.05057285846839879 0.029708182411651171 0.044715244666597598 0.040868681179501889 -0.86941177468877007 -0.062921848376954262 -0.2736950174708353 0.06002530476962175 0.028225869671736667 -0.027969296693506021 -0.010801521414859849 0.065830899321389066 -0.010581222268141916 0.17200178477923075 0.042641367234939304 -0.057646418084836205 0.067464833289448786
leaf_weight=26.734075597030959 709.01487908433728 313.73423341687885 41.57218069378024 110.26936455344548 45.910859684867319 27.406814660476812 76.460025754066038 6.3490957422764032 19.096821529025593 43.815239290929668 96.945673372392775 61.41786544106435 9.5044683938031103 103.50212001642066 12.096479367755817 61.900780086473084 25.233520248904824 0.35536339581267329 3.0795017176424153 0.44898505054879934 45.115623049307032 464.01516024159855 73.215734929020982 56.69229048982379 4.6991104817134319 11.060516646248287 2.8145415707258499 42.251785054831998 7.1583401107927775 5.5314714656560673
leaf_count=21226 2525489 266729 11725 153931 17620 11515 40884 736 659 5400 621 7626 799 827 2002 9420 1561 18 64 37 9757 93764 41012 1515 1050 181 547 13501 2488 6217
internal_value=-0.0107134 -0.0305651 0.00314677 0.0111897 -0.00158656 0.0106576 0.0180202 -0.00699566 -0.0137659 -0.0151466 -0.00549184 -0.0194544 -0.035701 -0.0307943 -0.0495192 0.0246 -0.00114687 -0.0345805 -0.16108 -0.536884 0.0285769 0.0241434 -0.0148531 -0.0284765 -0.070586 0.0375674 0.0141192 0.0358667 0.0281121 -0.0273725
internal_weight=2507.4 1022.75 1484.65 1032.44 359.675 243.874 672.769 132.293 125.944 452.211 279.66 191.025 129.607 172.551 109.042 88.6349 69.0488 84.3721 3.88385 0.804348 143.251 540.475 100.623 80.4882 23.7959 20.565 98.1355 52.2247 49.4101 115.801
internal_count=3248921 2792218 456703 407040 256588 96440 150452 15804 15068 49663 41875 11229 3603 7788 2623 30646 6961 3343 119 55 43913 134648 52527 3224 1709 980 34156 16536 15989 160148
cat_boundaries=0 1 2 3
cat_threshold=72 23170 8848
is_linear=0
shrinkage=0.05


Tree=22
num_leaves=31
num_cat=3
split_feature=2 5 8 7 8 5 6 0 4 0 4 0 1 0 4 1 0 4 0 8 0 6 6 8 0 0 0 3 0 0
split_gain=260.082 293.495 78.1574 32.6679 43.9742 40.3593 35.8465 42.7267 35.7483 35.7438 26.9374 41.7587 25.9765 32.1374 26.6516 25.0114 27.507 22.7342 65.1808 34.7375 36.3405 35.2712 27.9863 56.3592 46.0832 23.6254 144.937 78.5494 208.074 233.803
threshold=0 28.500000000000004 0.98495212038303703 1.2871234487417544 1.9986751226474782 1.5000000000000002 1.0000000180025095e-35 5075.795000000001 3.5000000000000004 1231.3500000000001 3.5000000000000004 41264.290000000008 1 24133.905000000002 3.5000000000000004 2 136381.08000000005 4.5000000000000009 1079.3650000000002 4.0192561164130147 14136599.780000003 5.5000000000000009 7.5000000000000009 2.0886228949703693 81745111.805000022 5075.795000000001 22038.330000000005 18.500000000000004 21033.540000000005 9585.8650000000016
decision_type=1 2 2 2 2 2 2 2 2 2 2 2 1 2 2 1 2 2 2 2 2 2 2 2 2 2 2 2 2 2
left_child=2 -2 12 5 8 6 7 -4 -5 -6 11 -9 -1 -14 -15 16 -11 22 -19 20 -20 25 23 -8 -24 -21 27 28 29 -27
right_child=1 -3 3 4 9 -7 17 10 -10 15 -12 -13 13 14 -16 -17 -18 18 19 21 -22 -23 24 -25 -26 26 -28 -29 -30 -31
leaf_value=-0.0046927934488567753 -0.048902541360069912 0.0094263416928674574 0.040624331197925169 0.011483907338042902 -0.027528916524387 0.16399723051265699 0.020256368315850922 -0.10801909959200982 0.076616812964436343 0.017145405270266482 -0.010411114480472257 0.11550609580414389 -0.047868238174008391 0.040103358646939681 -0.030124380824387578 -0.018368188306264556 -0.034314469526824785 0.15767706412594309 0.019935545254471963 -0.0016628307112641042 0.53862193189291918 0.026822824247529832 -0.0035322792709032084 0.074506389274419202 1.1960782673252572 -0.42688524390999999 -0.045016490523448353 -0.062380932840064976 -0.072936126470267176 -2.0716847894701078
leaf_weight=292.96905229924181 675.16603155861958 316.87932167283725 30.488616977410786 61.370587893092306 118.11445099957928 4.8317785687851247 114.34377563011368 16.980280865498013 32.077969318517717 247.27342166101806 46.882752578096706 2.3826511521474449 105.42465007453799 23.14577025189466 32.450321223801055 84.878220187141039 29.015596315788571 6.9757848162007567 73.356288876675535 10.774099013651727 0.33925365947652508 16.876018783659674 43.478536351954688 82.35634430610655 0.080205178237519159 0.46999688600408523 19.233336068689823 0.88293922506272782 0.82019908726215363 0.39987470468212677
leaf_count=39008 2525370 266848 5379 26905 165945 352 31701 235 6984 64156 1000 196 6436 3341 878 38944 16615 2839 6129 243 24 5141 13126 20948 12 18 103 11 4 30
internal_value=-0.010273 -0.029969 0.00294503 0.0104919 0.00246561 0.020232 0.0187449 -0.00835801 0.033842 -0.00365204 -0.0309014 -0.0805138 -0.0143562 -0.0297965 -0.000887161 0.00415654 0.011331 0.0258234 0.00899138 0.000569272 0.0223233 -0.0318466 0.0349399 0.0429703 -0.00132342 -0.0622362 -0.0921643 -0.444596 -0.644276 -1.18299
internal_weight=2490.72 992.045 1498.67 1044.68 572.73 471.953 467.121 96.7343 93.4486 479.282 66.2457 19.3629 453.99 161.021 55.5961 361.167 276.289 370.387 130.128 123.152 73.6955 49.4565 240.259 196.7 43.5587 32.5804 21.8063 2.57301 1.69007 0.869872
internal_count=3248921 2792218 456703 407040 319549 87491 87139 6810 33889 285660 1431 431 49663 10655 4219 119715 80771 80329 14542 11703 6153 5550 65787 52649 13138 409 166 63 52 48
cat_boundaries=0 1 2 3
cat_threshold=72 2567 9373
is_linear=0
shrinkage=0.05


Tree=23
num_leaves=31
num_cat=1
split_feature=2 7 8 7 8 5 6 0 0 4 0 6 8 4 8 3 3 6 7 8 0 7 4 0 0 7 0 4 4 6
split_gain=244.315 284.648 70.4815 34.0325 52.2485 39.4566 35.3581 39.2323 33.3968 30.0919 47.4378 39.2526 41.4245 81.95 68.1416 65.2964 120.021 109.483 71.2334 32.2533 27.6166 26.4417 40.9518 28.5178 32.0506 30.6061 54.0272 32.7262 32.5661 26.0567
threshold=0 27.805839456582422 1.0001736714136855 1.0882297762323672 1.979793772341244 1.5000000000000002 1.0000000180025095e-35 5075.795000000001 1231.3500000000001 4.5000000000000009 976.7650000000001 7.5000000000000009 4.281747747494312 2.0000000000000004 5.8684535377844371 6.5000000000000009 15.500000000000002 5.5000000000000009 0.4324974597602938 4.0896521373677466 81745111.805000022 2.0001262785705269 4.5000000000000009 5075.795000000001 2486.9150000000004 0.55304849285656765 19159.355000000003 2.0000000000000004 2.0000000000000004 4.5000000000000009
decision_type=1 2 2 2 2 2 2 2 2 2 2 2 2 2 2 2 2 2 2 2 2 2 2 2 2 2 2 2 2 2
left_child=2 -2 21 5 -5 6 7 -4 -6 11 -11 12 29 14 15 -14 17 18 -17 20 -12 23 -23 24 -1 26 28 -28 -25 -8
right_child=1 -3 3 4 8 -7 9 -9 -10 10 19 -13 13 -15 -16 16 -18 -19 -20 -21 -22 22 -24 25 -26 -27 27 -29 -30 -31
leaf_value=-0.0040956267566941646 -0.048846302601433446 0.0088738972073237853 0.039696162403621914 0.039689080688188501 -0.026781949224482956 0.22178003674134308 0.051628948293659972 -0.0312779259658644 0.0038073980615065239 0.13528398132721883 0.020414747290666342 -0.0025408697135430322 -0.050726026959085596 0.073975121014189932 -0.05082608354728934 1.2069561472071568 0.20734187581026889 1.789987573486165 0.20171086744056163 -0.03097977575587138 0.54561907749834038 -0.00056315348058806299 -0.048782863957695599 -0.055537003743956551 0.049220621778585001 0.014989778576278376 0.086941547635717542 -0.0086326216205096836 0.020455445781472462 -0.0069957427727925479
leaf_weight=77.002241246547442 642.98602686836966 319.84662714900333 29.079769222647869 82.023782220087014 116.68897687381468 2.4441602180515352 114.08897246911678 58.924688093797116 379.16605090911571 7.0081719973059071 72.683896593574886 42.571011957609443 0.46846278534577557 16.284254098471138 0.80259050937102561 0.31796580104731664 0.96679883936208866 0.298711399638801 0.39534848610088602 46.743317627340176 0.25116085121408005 78.147238882759495 100.86115839884741 96.9554724181653 44.464088353677653 61.359869038569741 13.323868750594555 27.327381910610711 16.497058495267993 22.730047296359714
leaf_count=39910 2525489 266729 4495 23039 167318 83 26506 1170 121393 2489 5976 12784 108 5746 101 31 68 24 23 5411 11 12627 837 637 6577 7635 948 5517 2943 2296
internal_value=-0.00984961 -0.029367 0.00277258 0.0105741 0.00272363 0.0214779 0.0202943 -0.00782559 -0.00339116 0.0278944 0.00884749 0.0400246 0.051614 0.119726 0.34897 0.480083 0.605746 0.986345 0.649807 0.00144357 0.0222234 -0.0122031 -0.0277322 -0.00395252 0.0154214 -0.0148744 -0.0267655 0.0226928 -0.044487 0.0418895
internal_weight=2472.71 962.833 1509.88 993.938 577.879 416.059 413.615 88.0045 495.855 325.611 126.687 198.924 156.353 19.5341 3.24988 2.44729 1.97882 1.01203 0.713314 119.678 72.9351 515.938 179.008 336.93 121.466 215.464 154.104 40.6513 113.453 136.819
internal_count=3248921 2792218 456703 379072 311750 67322 67239 5665 288711 61574 13887 47687 34903 6101 355 254 146 78 54 11398 5987 77631 13464 64167 46487 17680 10045 6465 3580 28802
cat_boundaries=0 1
cat_threshold=72
is_linear=0
shrinkage=0.05


Tree=24
num_leaves=31
num_cat=3
split_feature=2 5 8 7 8 0 5 6 0 1 4 0 6 8 6 7 8 0 4 4 4 0 0 4 1 0 3 6 0 4
split_gain=228.539 276.014 62.7553 28.8596 45.6296 30.9559 30.5046 30.2495 35.1642 24.7389 24.6636 36.7924 31.7382 29.1441 26.4595 25.7165 25.304 28.552 33.1218 31.9049 24.0972 29.2722 23.9131 23.8501 23.1224 25.888 21.7152 21.6595 25.9827 29.595
threshold=0 28.500000000000004 1.0001736714136855 1.0882297762323672 1.979793772341244 1231.3500000000001 1.5000000000000002 1.0000000180025095e-35 5075.795000000001 1 4.5000000000000009 976.7650000000001 7.5000000000000009 4.0896521373677466 5.5000000000000009 0.99993056519927803 4.281747747494312 5075.795000000001 1.0000000180025095e-35 3.5000000000000004 3.5000000000000004 55204.990000000013 24133.905000000002 2.0000000000000004 2 136381.08000000005 4.5000000000000009 4.5000000000000009 1193.0550000000001 2.0000000000000004
decision_type=1 2 2 2 2 2 2 2 2 1 2 2 2 2 2 2 2 2 2 2 2 2 2 2 1 2 2 2 2 2
left_child=2 -2 9 6 -5 -6 7 8 -4 -1 12 -12 16 15 -15 -13 27 -18 -19 -20 21 -10 -11 -24 -7 -26 -17 28 29 -9
right_child=1 -3 3 4 5 24 -8 10 20 22 11 13 -14 14 -16 26 17 18 19 -21 -22 -23 23 -25 25 -27 -28 -29 -30 -31
leaf_value=-0.0021044196191404812 -0.048787353304432395 0.0083552504149244072 0.036358306082771609 0.036482953181769327 -0.026128165634182011 -0.017716070081410389 0.18497305929119365 0.1353918663435405 -0.10231723422184152 -0.037012572024505329 0.11198133304617926 0.015327938579504458 -0.0024199745140824833 -0.058037151871770457 0.021582029874601057 0.43978858374431823 0.057489101018029502 0.39088961167456238 0.019320107367361176 0.26054079175559608 -0.0092002950624388256 0.10717906869569115 0.043071545671075247 -0.02154722476144616 0.015569916762594092 -0.034238583502736779 0.093220167247182878 -0.0066893046563168664 0.058520744968031384 -0.021614100860763593
leaf_weight=309.03359144153819 612.35525277828788 322.68345642468194 30.133352572535053 84.698110562487273 113.70514198052842 88.069888567866798 2.7742439425720695 3.5013151692400895 15.424083862477717 142.98034015602451 8.0135126111963455 72.190567504614592 42.465620779175026 29.69873449430429 16.087175157212187 0.61137010250240509 15.706409360747793 1.4576421298091879 3.1809898354131487 2.4088067210686859 40.638925618912332 1.8695114424335759 21.219858408633769 43.658665165105532 263.3387357876378 28.955897304986138 1.7337461054557932 22.586503459759754 95.161661769263915 21.021847770054563
leaf_count=35963 2525370 266848 4495 23039 167318 39235 83 1204 156 34650 2489 5822 12784 370 5041 42 4622 48 714 717 911 103 836 6182 65431 16727 123 2296 12783 12519
internal_value=-0.00946837 -0.0287598 0.00255288 0.00984853 0.00257525 -0.00323753 0.0197147 0.0186331 -0.00744976 -0.0115889 0.025473 0.00824368 0.0361295 0.00133467 -0.0300624 0.0206213 0.0460493 0.095007 0.178622 0.123269 -0.0302363 -0.0796698 -0.0244141 -0.000412324 0.00360533 0.0102839 0.18357 0.0382194 0.0466944 0.000802558
internal_weight=2457.36 935.039 1522.33 1005.43 578.768 494.07 426.666 423.892 88.0659 516.892 335.826 128.335 207.491 120.322 45.7859 74.5357 165.025 22.7538 7.04744 5.5898 57.9325 17.2936 207.859 64.8785 380.365 292.295 2.34512 142.271 119.685 24.5232
internal_count=3248921 2792218 456703 379072 311750 288711 67322 67239 5665 77631 61574 13887 47687 11398 5411 5987 34903 6101 1479 1431 1170 259 41668 7018 121393 82158 165 28802 26506 13723
cat_boundaries=0 1 2 3
cat_threshold=72 517 23392
is_linear=0
shrinkage=0.05


Tree=25
num_leaves=31
num_cat=2
split_feature=2 7 8 0 7 0 4 0 7 4 0 8 3 3 1 5 5 7 6 3 0 6 8 8 7 4 4 4 8 7
split_gain=213.834 267.627 56.3842 26.1123 24.1444 37.6533 34.01 31.6937 45.3922 27.6662 26.6536 25.1538 22.4369 33.458 22.3013 20.3561 19.0919 335.926 16.8624 18.3321 15.967 22.0414 38.9736 47.7173 42.4648 122.73 30.4591 20.3051 30.4266 65.5625
threshold=0 27.805839456582422 0.98495212038303703 118.21000000000002 1.9781729490170952 5075.795000000001 4.5000000000000009 19159.355000000003 0.86447548097593885 2.0000000000000004 856.42000000000007 0.50393702330322965 4.5000000000000009 19.500000000000004 1 690.50000000000011 8.5000000000000018 8.6465973001477447 18.500000000000004 10.500000000000002 4268.005000000001 2.5000000000000004 2.572629272026894 2.6279085036353624 0.29696876285471357 3.5000000000000004 4.5000000000000009 3.5000000000000004 2.7710705382117804 4.8682227334250152
decision_type=1 2 2 2 2 2 2 2 2 2 2 2 2 2 1 2 2 2 2 2 2 2 2 2 2 2 2 2 2 2
left_child=2 -2 4 15 5 10 11 8 9 -7 -1 16 20 14 -14 -4 -6 -18 19 -16 21 22 -5 -24 25 -25 -27 -26 29 -29
right_child=1 -3 3 12 6 7 -8 -9 -10 -11 -12 -13 13 -15 18 -17 17 -19 -20 -21 -22 -23 23 24 27 26 -28 28 -30 -31
leaf_value=-0.019984408221330682 -0.048725625340941617 0.007874351234349394 -0.033772867505879163 0.013999877192267342 -0.029743825418130039 -0.051669525745714297 -0.046289633001923992 0.012747065382869655 0.053696869551209697 0.017692881520007468 0.039942667919752345 0.038408900602976699 -0.014600498649621332 -0.0064735067894802255 0.011895033771709666 0.066851073836143221 3.547582879381995 -0.034581968937442809 -0.024062918791461815 0.02998279243560488 -0.016376029377582813 -0.011639753947426989 0.5852011870599042 1.8190476171531196 -0.050324967659552133 0.026547917132366729 0.75043353356319642 0.17141686108129639 0.072924835842215874 1.4257049769937262
leaf_weight=25.943818819911627 583.23576976533423 325.35899471427547 52.301269095187308 32.950645174656486 41.499553589527011 95.700980106601492 98.951379629297165 63.020938552421285 14.172221849323249 16.917393342853757 65.144463011747433 25.890438475878909 42.770197720872723 158.67779449018326 224.67150881509241 5.5604731678031376 0.069460280738105173 1.132870282951195 19.511641138741879 372.06106976865448 117.75263386972783 47.072519527253462 0.54992574028437768 0.13372583081945766 2.6126441746891942 0.65154829772654921 0.18703139992430806 0.45068348624045018 3.6007670711842366 0.13550944891176187
leaf_count=21226 2525489 266729 132802 8613 4745 705 827 7626 698 2200 9420 1561 16043 44272 56724 6156 22 633 6451 85872 28159 18528 143 17 1712 233 9 86 1159 61
internal_value=-0.00909989 -0.0281479 0.00237954 0.00857525 -0.0125115 -0.00355144 -0.0275338 -0.0162328 -0.0306372 -0.04125 0.0228742 -0.000476627 0.0104221 0.0141382 0.0191011 -0.024103 -0.0240532 0.172365 0.021331 0.0231727 -0.0043215 0.0117457 0.0384174 0.1351 0.103251 0.412325 0.187999 0.0590557 0.127309 0.461369
internal_weight=2438.69 908.595 1530.1 1081.65 448.444 280.9 167.544 189.812 126.791 112.618 91.0883 68.5923 1023.79 817.692 659.014 57.8617 42.7019 1.20233 616.244 596.733 206.098 88.345 41.2725 8.32184 7.77191 0.972306 0.83858 6.7996 4.18696 0.586193
internal_count=3248921 2792218 456703 407040 49663 41875 7788 11229 3603 2905 30646 6961 268082 209362 165090 138958 5400 655 149047 142596 58720 30561 12033 3420 3277 259 242 3018 1306 147
cat_boundaries=0 1 2
cat_threshold=72 20544
is_linear=0
shrinkage=0.05


Tree=26
num_leaves=31
num_cat=1
split_feature=2 5 8 7 8 0 5 6 0 7 4 0 0 7 0 4 4 4 4 0 4 0 8 6 6 0 8 8 7 7
split_gain=199.452 259.421 50.9703 24.4529 39.275 27.9169 24.2911 26.2345 30.1773 23.1151 34.2153 22.3872 25.3351 24.5991 44.5426 27.9747 24.744 21.4504 21.0544 25.8189 20.6187 29.3002 25.7154 24.9885 24.8835 21.7669 25.4708 20.282 20.0673 52.0585
threshold=0 28.500000000000004 1.0001736714136855 1.0882297762323672 1.979793772341244 548.59500000000014 1.5000000000000002 1.0000000180025095e-35 5075.795000000001 2.0001262785705269 4.5000000000000009 5075.795000000001 856.42000000000007 0.55304849285656765 19159.355000000003 2.0000000000000004 2.0000000000000004 4.5000000000000009 3.5000000000000004 55204.990000000013 4.5000000000000009 976.7650000000001 4.0896521373677466 7.5000000000000009 5.5000000000000009 5480.1350000000011 3.2414717720782509 2.0886228949703693 1.9998611303985561 2.0001262785705269
decision_type=1 2 2 2 2 2 2 2 2 2 2 2 2 2 2 2 2 2 2 2 2 2 2 2 2 2 2 2 2 2
left_child=2 -2 9 6 -5 -6 7 8 -4 11 -11 12 -1 14 15 -13 -16 -7 19 -10 23 -22 25 27 -24 -23 -27 -9 -19 -30
right_child=1 -3 3 4 5 17 -8 20 18 10 -12 13 -14 -15 16 -17 -18 28 -20 -21 21 22 24 -25 -26 26 -28 -29 29 -31
leaf_value=-0.020819256253426739 -0.048660909629358512 0.007421718218497856 0.031672694319402263 0.032698484324638628 -0.031163827079365387 -0.0050204951740176942 0.15744930301978585 0.02254491366256961 -0.096878154197588162 -0.00081943154750523193 -0.045246417247202277 -0.050774533182366424 0.028463507204842583 0.013677525711530953 0.072206236454742417 0.019380872512855342 -0.0081442245014578842 -0.015475400331314781 -0.0091548671843936884 0.0908733337336224 0.094201126014581804 -0.003306212038953784 -0.057035490829549375 -0.0022474030655694824 0.020047741328409349 0.032331663620145723 0.162282407542788 0.056693174388628732 1.4141187698465381 0.032813245707357788
leaf_weight=37.11439325784184 555.51728982158238 327.91814824403264 31.73515202189467 88.049942615179873 77.21295102959624 313.13287591607377 3.0798633451660171 82.310861445381335 15.487575744642685 78.364306123640787 96.958891908419176 94.199849682074273 87.696585307465256 62.269219925568905 14.840500498656182 16.733894471399253 27.038097982411273 27.767999884783421 40.588713822113142 2.07661175855901 8.9978290772123994 46.343539643799886 28.945031563154032 42.309245815088303 16.402610275661573 26.228651893849019 4.4038459834409904 92.176776137478072 0.068270359421147897 77.911527610791381
leaf_count=33044 2525370 266848 4495 23039 146403 120235 83 15158 156 12627 837 637 13443 7635 948 2943 5517 1172 911 103 2489 3801 370 12784 5041 1737 449 19745 10 20891
internal_value=-0.0087584 -0.0275322 0.00217288 0.00863446 0.00192439 -0.0035376 0.0175208 0.0165369 -0.00754434 -0.0106429 -0.0253889 -0.0030366 0.0138085 -0.0128118 -0.0236058 -0.0401919 0.0203295 0.00155479 -0.0289458 -0.0746803 0.0227549 0.00711999 0.000714517 0.0322256 -0.0291539 0.0183104 0.0510139 0.0405845 0.021025 0.0340226
internal_weight=2423.88 883.435 1540.45 1025.23 584.144 496.094 441.086 438.006 89.8881 515.216 175.323 339.893 124.811 215.082 152.812 110.934 41.8786 418.881 58.1529 17.5642 348.118 131.322 122.324 216.797 45.3476 76.976 30.6325 174.488 105.748 77.9798
internal_count=3248921 2792218 456703 379072 311750 288711 67322 67239 5665 77631 13464 64167 46487 17680 10045 3580 6465 142308 1170 259 61574 13887 11398 47687 5411 5987 2186 34903 22073 20901
cat_boundaries=0 1
cat_threshold=72
is_linear=0
shrinkage=0.05


Tree=27
num_leaves=31
num_cat=4
split_feature=2 7 8 1 0 7 7 8 4 0 8 7 4 0 1 5 4 0 0 7 4 7 0 0 7 1 0 4 3 0
split_gain=186.538 251.433 45.6621 22.6826 22.4176 28.4916 21.2802 34.8171 27.1259 23.148 20.6975 18.363 18.2037 22.2027 30.1728 17.6868 17.3438 16.8762 57.3437 50.2836 33.3618 19.7593 26.8622 18.567 18.2163 16.7135 23.8862 21.4921 18.2345 17.2477
threshold=0 27.805839456582422 1.0001736714136855 1 24133.905000000002 1.4969787601366551 1.0882297762323672 2.2597437875771056 3.5000000000000004 567.56500000000017 1.2256623183746658 17.061285335589044 1.0000000180025095e-35 19159.355000000003 2 1.5000000000000002 2.0000000000000004 22038.330000000005 9996.720000000003 0.86447548097593885 2.0000000000000004 1.9998611303985561 5916.295000000001 5075.795000000001 2.5073107586662169 3 8159.1800000000012 3.5000000000000004 3.5000000000000004 587.15500000000009
decision_type=1 2 2 1 2 2 2 2 2 2 2 2 2 2 1 2 2 2 2 2 2 2 2 2 2 1 2 2 2 2
left_child=2 -2 3 17 -5 16 10 8 11 -9 -4 -8 -11 25 -15 -12 -6 18 21 -20 24 22 -1 -23 -21 26 27 -14 -28 -27
right_child=1 -3 6 4 5 -7 7 9 -10 12 15 -13 13 14 -16 -17 -18 -19 19 20 -22 23 -24 -25 -26 29 28 -29 -30 -31
leaf_value=0.018671009272290061 -0.048593164530359736 0.0070013836200903644 -0.015075567963598392 -0.034688675587790749 0.067334651479384 -0.034683365961631678 0.0026869931394642131 -0.032167545392607341 0.050534224157746513 -0.025769230354876611 0.019016569086073673 0.14590421361111724 -0.020530741115501572 0.019278012401435889 -0.032262847890060557 0.13959317139797819 0.0023043147082259896 -0.035814993509401087 0.012175166338542239 0.14626502208980618 0.083816589333128202 -0.035050271831612016 -0.031884107355543388 0.029634662770162658 0.35380733733312514 0.82371668893994965 -0.030224251161650117 0.021814058267387765 0.056209981953872924 -0.045879722713125147
leaf_weight=100.39457331111038 529.16739245626422 330.33092041150667 47.15720892226085 141.2985932332887 15.58396557625383 36.620944971569003 90.183901220269092 67.673604411007545 55.198580685304478 59.196784441892476 400.07740821842879 2.2951268030155907 45.834807785868179 38.924208463552077 65.498397066581674 3.0646268097522684 29.972876764484681 30.413705089763198 23.822769996360865 2.1806733934208768 12.106557753379672 72.802639769488707 35.590224337312975 13.087993030910125 2.0523089758545714 0.057224015938120654 6.9406566716061198 86.546429564266873 50.491178218084087 16.070023316562583
leaf_count=18869 2525489 266729 3715 35077 814 2512 38796 132504 11305 21600 63530 1900 14798 13891 30967 77 5009 5681 1065 27 767 6023 1208 544 35 79 1413 25540 6947 12010
internal_value=-0.00839456 -0.0269134 0.0020273 -0.0101115 -0.0216433 -0.00184636 0.00809661 0.00180663 0.022797 -0.00528298 0.0162669 0.00624133 -0.00035989 0.00448654 -0.0142941 0.0199332 0.0245497 -0.000540915 0.00353257 0.058509 0.126063 -0.00641887 0.00543962 -0.0251936 0.246889 0.0140093 0.0178929 0.00715287 0.0457644 -0.026415
internal_weight=2410.64 859.498 1551.14 515.928 223.476 82.1778 1035.21 584.911 147.678 437.233 450.299 92.479 369.56 310.363 104.423 403.142 45.5568 292.451 262.038 40.1623 16.3395 221.875 135.985 85.8906 4.23298 205.94 189.813 132.381 57.4318 16.1272
internal_count=3248921 2792218 456703 77631 43412 8335 379072 311750 52001 259749 67322 40696 127245 105645 44858 63607 5823 34219 28538 1894 829 26644 20077 6567 62 60787 48698 40338 8360 12089
cat_boundaries=0 1 2 3 4
cat_threshold=72 5 26264 11541
is_linear=0
shrinkage=0.05


Tree=28
num_leaves=31
num_cat=3
split_feature=2 5 8 1 7 5 8 0 7 0 7 8 6 5 0 0 3 7 0 8 0 7 1 4 4 3 5 8 6 7
split_gain=174.143 243.603 41.1376 20.8274 21.4091 73.2856 38.0396 48.2249 226.309 22.0489 19.1694 41.0588 27.3237 30.7736 26.9222 28.1592 26.5989 136.862 25.7623 25.3406 46.0452 55.3688 22.4596 21.6914 66.3014 22.2933 19.5216 23.5093 18.9388 18.1182
threshold=0 28.500000000000004 1.0001736714136855 1 5.313336922943142 8.5000000000000018 0.50393702330322965 12330.730000000001 7.7424980427638532 24133.905000000002 2.9994792606884402 1.1817000670731765 1.0000000180025095e-35 1.5000000000000002 1841.4900000000002 20029.230000000003 5.5000000000000009 3.2808172377175162 5075.795000000001 4.0659559462360102 21033.540000000005 1.4969787601366551 2 4.5000000000000009 5.5000000000000009 18.500000000000004 690.50000000000011 1.2256623183746658 2.5000000000000004 1.4969787601366551
decision_type=1 2 2 1 2 2 2 2 2 2 2 2 2 2 2 2 2 2 2 2 2 2 1 2 2 2 2 2 2 2
left_child=2 -2 3 -1 5 9 7 -6 -9 -5 12 16 13 18 26 -16 17 -12 -4 -20 21 -21 -17 -18 25 -25 -13 -28 -14 -11
right_child=1 -3 10 4 6 -7 -8 8 -10 29 11 14 28 -15 15 22 23 -19 19 20 -22 -23 -24 24 -26 -27 27 -29 -30 -31
leaf_value=-0.00054624558899608465 -0.048522139319024327 0.006604835778943695 0.016029833874092344 -0.030471578915330262 -0.077608129250456195 1.2377535668300832 -0.021548530313924518 -1.6664680366174527 -0.15595766448127979 0.022823270663007305 4.4043845677695073 -0.030795621930674113 0.029499052885639178 0.090985681673417362 0.018870856868061364 0.019882112271592957 0.082795411235150163 -0.045268433060596976 -0.023967867876701347 -1.0785963778750751 -0.0615500707613513 -0.20910722114368646 -0.028962850100321819 0.55991501315644288 -0.049501450606929273 1.4235917789875869 1.3380981075307077 0.056618796187960264 0.010342627821936115 -0.028120961509376187
leaf_weight=293.01503228164165 504.08431328280176 332.63990491974982 48.102346518280882 129.09804030411019 3.9218394820200464 0.11625578859846442 11.215036245543159 0.29157993902136992 1.6578442426595015 46.489031542063458 0.022447923023718785 95.311074547062162 203.82695755979103 7.5105292070657006 148.64645071765699 27.383256173368864 2.9080814522458245 0.075079336675116792 79.25078506923515 0.2658045417489342 2.8734841853147373 0.58841576266604534 68.184620513493428 0.16628324543125916 0.37158644630108029 0.13568089279578999 0.036018765298648669 5.6249132900848053 351.55788145804854 27.94325159053551
leaf_count=34219 2525370 266848 11539 32667 611 10 2213 82 91 5823 8 148969 43600 723 42367 11130 819 50 3191 15 64 40 39668 30 68 32 27 5866 70866 1915
internal_value=-0.0080626 -0.0262922 0.00189322 -0.00967537 -0.0208257 -0.0172587 -0.0755281 -0.178638 -0.381888 -0.0179756 0.00761055 -0.00195057 0.012417 -0.00744383 -0.00372146 0.00525724 0.164198 0.978912 -0.0130835 -0.0299605 -0.157363 -0.479663 -0.0159174 0.142014 0.39769 0.947989 -0.0254377 0.0647725 0.0173731 0.00369787
internal_weight=2393.31 836.724 1556.59 513.748 220.733 203.647 17.0863 5.87126 1.94942 203.53 1042.84 348.865 693.976 138.591 345.186 244.214 3.67916 0.0975273 131.081 82.9785 3.7277 0.85422 95.5679 3.58163 0.673551 0.301964 100.972 5.66093 555.385 74.4323
internal_count=3248921 2792218 456703 77631 43412 40415 2997 784 173 40405 379072 249034 130038 15572 248027 93165 1007 58 14849 3310 119 55 50798 949 130 62 154862 5893 114466 7738
cat_boundaries=0 1 2 3
cat_threshold=72 5 8848
is_linear=0
shrinkage=0.05


Tree=29
num_leaves=31
num_cat=3
split_feature=2 7 8 3 3 0 1 6 1 0 0 7 0 3 7 7 0 7 3 7 4 7 4 7 7 0 0 0 5 5
split_gain=162.068 235.97 36.8542 20.8977 27.2126 21.0432 21.4065 23.0135 20.0559 25.4033 18.1549 26.4628 40.2571 68.8595 47.6794 25.3108 47.3646 19.1219 28.1655 16.0242 15.5162 28.4832 14.661 23.6051 17.9933 24.2693 57.1982 61.4809 21.1967 21.8952
threshold=0 27.805839456582422 0.98495212038303703 5.5000000000000009 19.500000000000004 915.32500000000016 1 9.5000000000000018 2 23072.955000000005 5075.795000000001 0.98343864912211976 4402.7300000000005 17.500000000000004 0.86447548097593885 5.905592542558975 12330.730000000001 1.0000000180025095e-35 1.0000000180025095e-35 1.4969787601366551 4.5000000000000009 0.98343864912211976 4.5000000000000009 1.4969787601366551 0.55304849285656765 5692.0300000000016 16743.745000000003 14043.320000000002 9.5000000000000018 14.500000000000002
decision_type=1 2 2 2 2 2 1 2 1 2 2 2 2 2 2 2 2 2 2 2 2 2 2 2 2 2 2 2 2 2
left_child=2 -2 8 -4 5 20 -7 -8 22 10 11 12 14 17 -10 -12 -17 18 -14 -11 -5 -22 24 -24 -1 -26 27 28 -27 -30
right_child=1 -3 3 4 -6 6 7 -9 9 19 15 -13 13 -15 -16 16 -18 -19 -20 -21 21 -23 23 -25 25 26 -28 -29 29 -31
leaf_value=-0.0073192382577989164 -0.048447797599247798 0.0062361192966128949 -0.0055425384738232268 -0.015577017938327404 -0.0073478767751217859 -0.016042866132831204 0.024121126631252824 -0.016941116307427385 0.019598547051422464 0.021724563609947418 -0.052132796085754489 -0.046200375637203903 -0.050130063113441828 1.5081219289953072 0.90276150599681437 -0.058187757071014895 -0.78084764494521075 -0.050332885883909578 1.3680676838702883 -0.031552358920691151 0.11977093257471699 -0.01203444820612839 0.0099226042748705948 -0.035048622342485229 0.0023892891597303242 0.070763665297979533 -0.0092097172970427056 0.37374223871729545 0.61566293482930778 0.077770408381319434
leaf_weight=106.12609915355313 480.24074403334839 334.81595629241201 269.14371137217597 81.289381558803129 171.37224274291293 37.83374596900326 503.02475620280916 36.605291379051891 5.2672427085926161 32.513182817754554 66.759352683511679 10.073638231391815 0.069535500369965919 0.12833267566747963 0.15738962532486755 0.66553108755032842 0.34390233624819699 0.28325657383538783 0.070508673321455717 24.939509149887343 6.4574324386776594 11.222073357374027 50.012609873694601 70.048538727472305 48.696093824135971 12.08822219774509 15.113564727545976 2.1848311325245229 0.37394076149373251 0.3829242126084878
leaf_count=25291 2525489 266729 107652 101782 67213 12942 88731 10024 2198 3204 1930 943 31 22 41 22 34 48 24 879 1210 17486 2538 736 8707 525 2352 96 25 17
internal_value=-0.00775931 -0.0256693 0.00173187 0.00659578 0.0104492 0.0149581 0.018609 0.0209475 -0.0104022 -0.0252262 -0.0445658 0.00325041 0.086605 0.493551 0.0452225 -0.0558902 -0.30439 0.185962 0.663896 -0.0014023 -0.00634427 0.0361074 -0.00262353 -0.0163154 0.00612204 0.0242154 0.0594749 0.128542 0.0868354 0.343524
internal_weight=2378.3 815.057 1563.25 1116.95 847.805 676.433 577.464 539.63 446.298 141.271 83.8187 16.0499 5.97627 0.551633 5.42463 67.7688 1.00943 0.423301 0.140044 57.4527 98.9689 17.6795 305.027 120.061 184.966 78.8396 30.1435 15.0299 12.8451 0.756865
internal_count=3248921 2792218 456703 407040 299388 232175 111697 98755 49663 9376 5293 3307 2364 125 2239 1986 56 103 55 4083 120478 18696 40287 3274 37013 11722 3015 663 567 42
cat_boundaries=0 1 2 3
cat_threshold=72 20544 2823
is_linear=0
shrinkage=0.05


Tree=30
num_leaves=31
num_cat=2
split_feature=2 5 8 7 4 8 3 1 0 7 3 4 0 7 4 3 8 8 3 7 3 7 0 7 0 8 8 8 8 0
split_gain=150.927 228.48 33.7493 29.8342 28.9434 25.5358 23.4171 20.5288 26.4811 20.1231 18.6628 18.8067 56.8153 241.819 261.148 117.465 86.4691 119.823 147.02 29.9206 26.1765 19.6384 20.5817 18.2533 26.4141 23.9896 19.6419 18.1859 53.2432 92.9819
threshold=0 28.500000000000004 1.2256623183746658 1.0882297762323672 3.5000000000000004 2.2771503276859231 14.500000000000002 1 22038.330000000005 3.3610363216337995 1.0000000180025095e-35 4.5000000000000009 465.54500000000007 2.5073107586662169 5.5000000000000009 15.500000000000002 0.70757324755605078 0.50393702330322965 15.500000000000002 4.1309774089215239 19.500000000000004 1.6352133287418684 915.32500000000016 1.9781729490170952 6145.9750000000013 4.5921679559455848 7.1859045823899246 6.6580598732968967 6.8996201182838126 2913.3050000000007
decision_type=1 2 2 2 2 2 2 1 2 2 2 2 2 2 2 2 2 2 2 2 2 2 2 2 2 2 2 2 2 2
left_child=2 -2 7 -4 -5 6 -6 10 -9 23 -1 -12 13 16 19 -16 17 -13 -19 -15 -20 22 -14 24 27 -25 -27 -7 29 -29
right_child=1 -3 3 4 5 9 -8 8 -10 -11 11 12 21 14 15 -17 -18 18 20 -21 -22 -23 -24 25 -26 26 -28 28 -30 -31
leaf_value=-0.036615515596591507 -0.048369873953560377 0.0058875380475482061 0.017364081995599353 -0.01133537814985593 0.070654978359759951 0.024854729187119201 0.001987111238997758 -0.039758631622332924 -0.00010620922951575579 -0.0069823623136006652 0.010446103650111508 -0.050031713016975059 -0.070065311116126044 -0.050172007387291488 9.7305824858503023 3.435959077737762 -0.001161437991503977 -0.05003244168652763 7.5930407428429305 2.3597040623363252 4.3189122292357336 -0.03480199226690369 0.014225615328004189 0.023181632769641292 -0.035531772966156713 0.13846390718205223 -0.016835957360983596 -0.050178619124970791 0.11857223008623781 2.7466002810771943
leaf_weight=34.629457923834025 457.54256357853569 336.89954132804996 417.49370113834163 289.74666611282538 30.746785962255643 15.144131662902518 20.824493312917184 100.46455650035439 72.483449848704922 149.89975911658257 231.13676470077365 0.048999291204380624 8.2949703283375111 0.033965499053010606 0.015336428885348141 0.014342906230012886 0.9925069492746843 0.016398604158894159 0.013083729631034657 0.020748035138240084 0.011444433766882867 68.407759388568593 57.051020530518144 33.077862061385531 23.472551857636255 9.5519498187059053 2.5875643639010368 0.066648138978052329 2.3709640506131109 0.053632916882634163
leaf_count=19048 2525370 266848 63607 167686 5606 3365 4907 9197 6978 107695 44672 91 224 26 24 18 437 30 18 22 26 666 2465 11673 2009 4181 894 30 1092 16
internal_value=-0.00745544 -0.0250456 0.00160243 0.0071811 -0.000179964 0.011051 0.0429269 -0.00804648 -0.0218752 0.0040921 -0.00149435 0.00178733 -0.0130463 0.334341 2.9122 6.68863 0.133355 1.61801 3.61505 0.863682 6.06539 -0.0160768 0.00352579 0.0233224 -0.000791179 0.0452444 0.105361 0.0454483 0.170635 1.1969
internal_weight=2363.11 794.442 1568.67 995.037 577.543 287.796 51.5713 573.635 172.948 236.225 400.687 366.057 134.921 1.16683 0.0843929 0.0296793 1.08243 0.0899261 0.0409268 0.0547135 0.0245282 133.754 65.346 86.3253 41.1079 45.2174 12.1395 17.6354 2.49125 0.120281
internal_count=3248921 2792218 456703 372761 309154 141468 10513 83942 16175 130955 67767 48719 4047 692 90 42 602 165 74 48 44 3355 2689 23260 6512 16748 5075 4503 1138 46
cat_boundaries=0 1 2
cat_threshold=72 2823
is_linear=0
shrinkage=0.05


Tree=31
num_leaves=31
num_cat=2
split_feature=2 7 8 0 0 4 7 1 0 3 0 7 7 4 7 7 7 4 8 0 8 0 7 0 0 0 4 0 5 6
split_gain=136.044 224.955 39.9831 31.5133 23.3675 20.5352 30.5254 29.2254 25.0017 23.0071 21.5759 21.0706 18.3308 23.9761 18.3355 19.4509 29.5745 26.0887 41.4025 24.9433 40.6093 30.4357 28.0688 20.5813 19.6285 27.847 18.1244 54.2787 57.4203 204.242
threshold=0 27.805839456582422 1.2256623183746658 230.27811800000003 94.715000000000018 4.5000000000000009 1.6352133287418684 1 22038.330000000005 1.0000000180025095e-35 915.32500000000016 0.55304849285656765 1.0882297762323672 3.5000000000000004 3.3610363216337995 1.9998611303985561 2.0001262785705269 4.5000000000000009 1.9986751226474782 12330.730000000001 1.8137162361748893 16743.745000000003 1.7294960144419662 5075.795000000001 650.84000000000003 530.97500000000014 4.5000000000000009 136381.08000000005 1.0000000180025095e-35 2.5000000000000004
decision_type=1 2 2 2 2 2 2 1 2 2 2 2 2 2 2 2 2 2 2 2 2 2 2 2 2 2 2 2 2 2
left_child=2 -2 3 -1 -4 7 10 9 -9 -5 -7 -10 -6 -14 15 17 24 18 19 -15 21 -21 -22 -19 25 -17 -18 -28 29 -29
right_child=1 -3 4 5 12 6 -8 8 11 -11 -12 -13 13 14 -16 16 26 23 -20 20 22 -23 -24 -25 -26 -27 27 28 -30 -31
leaf_value=-0.089490193307718513 -0.047034308571822003 0.0060806107188902166 -0.04742425990614272 -0.035056229409152706 0.016082734954238252 -0.065451955744628657 -0.040475257764783411 -0.04227007727724405 0.09353456020562774 0.013118377686615621 0.0060360430732557587 -0.01689580599511754 -0.0086205393044109461 0.11971629827459418 0.0011098892500240665 0.29263276898461993 0.0082673705263782548 0.034463718898492431 0.021138773960208818 0.88115838752696618 1.0053899923711949 -0.050242122919936863 0.22806704055179258 -0.041485684445922648 0.16695978904419592 1.5556171986594567 0.054275213825122286 0.5295970668592217 0.23616155293359109 5.0298444362548356
leaf_weight=12.073956362308193 469.31961223423446 346.53386451725964 19.240746893949108 27.675158715249069 418.05199011749335 11.871316208969786 98.392722725472893 64.619902551301621 6.8095371013041577 237.20533221744083 95.160909828846343 11.813067821144204 264.15916521754048 2.6424793300103349 154.25073630211409 0.14588140192790833 24.311803543139831 13.37928650079993 19.415435870952933 0.1073486346285788 0.32863360759802163 0.47944926877971739 0.17960373987443745 26.76290369499046 2.7578256779233925 0.062274675467051566 27.889005569064469 0.17250960558885609 0.73930921591818333 0.029527860402595252
leaf_count=11173 2610762 274575 51431 9021 54105 385 1023 6050 1471 26158 3572 1957 105482 355 72526 94 7255 1135 4505 17 25 119 36 583 696 20 3924 124 325 17
internal_value=-0.00782132 -0.0241774 0.000990118 -0.00957913 0.00713109 -0.00783612 -0.0203728 -0.000438322 -0.0246041 0.00779089 -0.00189294 0.0234841 0.00822925 0.00212459 0.0124969 0.0272072 0.0486412 0.00820692 0.0504746 0.202867 0.403521 0.120148 0.730695 -0.0161719 0.202298 0.670484 0.0400653 0.0668795 0.440303 1.18731
internal_weight=2356.58 815.853 1540.73 565.622 975.106 553.548 205.425 348.123 83.2425 264.88 107.032 18.6226 955.865 537.813 273.654 119.403 56.1081 63.2951 23.153 3.73751 1.09504 0.586798 0.508237 40.1422 2.96598 0.208156 53.1422 28.8304 0.941347 0.202037
internal_count=3248921 2885337 363584 60810 302774 49637 4980 44657 9478 35179 3957 3428 251343 197238 91756 19230 12455 6775 5057 552 197 136 61 1718 810 114 11645 4390 466 141
cat_boundaries=0 1 2
cat_threshold=8 2917
is_linear=0
shrinkage=0.05


Tree=32
num_leaves=31
num_cat=4
split_feature=2 5 8 0 0 4 7 7 0 0 0 4 0 7 0 4 3 7 1 8 0 1 1 7 6 5 0 7 7 7
split_gain=125.649 217.059 35.1515 30.2087 21.6581 18.7208 28.4975 27.6012 39.5405 59.3608 20.4451 22.1608 19.7656 69.4073 18.8857 17.7091 20.7325 17.1135 22.4994 24.2075 23.1177 27.5926 25.2358 21.6425 49.0707 37.5936 45.0774 33.0496 25.2012 27.1327
threshold=0 28.500000000000004 1.2256623183746658 230.27811800000003 94.715000000000018 4.5000000000000009 2.0001262785705269 0.55304849285656765 5075.795000000001 21033.540000000005 4882.0700000000006 2.0000000000000004 315.76500000000004 0.99729898670751516 915.32500000000016 2.0000000000000004 7.5000000000000009 1.0882297762323672 1 2.2597437875771056 26560.385000000002 2 3 2.030102300663899 3.5000000000000004 1.5000000000000002 7536.2600000000011 2.770849831044075 9.8146257970033748 10.953851851228402
decision_type=1 2 2 2 2 2 2 2 2 2 2 2 2 2 2 2 2 2 1 2 2 1 1 2 2 2 2 2 2 2
left_child=2 -2 3 -1 -4 7 14 8 10 -10 11 -5 13 -9 -7 -12 -17 -6 19 23 22 -22 -20 -19 25 26 -25 -28 -27 -30
right_child=1 -3 4 5 17 6 -8 12 9 -11 15 -13 -14 -15 -16 16 -18 18 20 -21 21 -23 -24 24 -26 28 27 -29 29 -31
leaf_value=-0.089330987319089422 -0.046869427519369233 0.0057407941962828064 -0.047297112618750761 0.039195343881205796 0.015061899565224544 -0.060611618898461499 -0.040041368331157984 1.5123584410587747 -0.044394478310357713 0.03961441330224369 0.094909706885408146 -0.023313666009993808 0.014059635468594973 0.1033650840482993 0.0047837728148952983 0.32680058499908371 1.2627431994297893 0.021324050466760301 -0.036108350549482603 0.02037746274654334 0.0083228117525914035 -0.03917748812646081 0.0079746663754098647 -0.050302157566487385 1.162960865312207 0.041259898177046644 1.2352774063875644 0.44055171409919053 0.81967823650927807 0.10666614648578508
leaf_weight=11.505172361864878 447.96244768510974 348.64100463324576 18.350343388010288 38.926186390919611 423.91054863190607 12.423393794626461 92.388511549988493 0.095992315618871116 108.19869005057262 26.09989773563575 0.68622179049998411 22.302503569604596 150.789164953952 0.97681431524279105 99.164456884027459 0.26523909415118396 0.076158201321959496 3.8428853315708604 25.905022337911568 41.125440188310087 50.990802223386709 66.769546690725576 348.32223131790579 0.30224809260107566 0.12347451713867474 3.5576547168602701 0.19400609820149839 0.40166010078974068 0.22969157906481985 0.31835382146527991
leaf_count=11173 2610628 274709 51431 3527 54105 401 877 38 3721 6106 55 8936 21556 628 3702 76 14 340 16681 8115 20743 34099 116054 103 12 881 16 40 47 107
internal_value=-0.00756451 -0.0235485 0.000806465 -0.00914227 0.00651396 -0.00747211 -0.0195022 -0.000429252 -0.0127992 -0.028068 0.0201385 0.0164265 0.0155811 0.229439 -0.00249688 0.241313 0.535589 0.00753618 0.00165104 0.030518 -0.00187055 -0.0212298 0.00417134 0.111033 0.178272 0.153972 0.447036 0.699391 0.0898797 0.405497
internal_weight=2344.85 796.603 1548.24 563.898 984.344 552.393 203.976 348.417 196.555 134.299 62.2563 61.2287 151.862 1.07281 111.588 1.02762 0.341397 965.994 542.083 50.0954 491.988 117.76 374.227 8.96997 5.12709 5.00361 0.897914 0.595666 4.1057 0.548045
internal_count=3248921 2885337 363584 60810 302774 49637 4980 44657 22435 9827 12608 12463 22222 666 4103 145 90 251343 197238 9661 187577 54842 132735 1546 1206 1194 159 56 1035 154
cat_boundaries=0 1 2 3 4
cat_threshold=8 8200 17072 17120
is_linear=0
shrinkage=0.05


Tree=33
num_leaves=31
num_cat=3
split_feature=2 7 8 0 0 4 7 1 0 3 0 7 7 4 7 0 0 8 6 3 3 8 6 1 0 0 4 7 7 0
split_gain=116.697 209.371 31.541 28.8666 20.2152 17.029 26.5188 25.1658 21.6247 20.7714 17.3072 16.1974 16.0773 41.6443 116.82 30.8961 122.61 205.121 17.8048 15.9949 33.7663 19.5884 17.7351 16.4253 42.3973 50.9006 28.5218 31.3516 81.9719 31.3211
threshold=0 27.805839456582422 1.2256623183746658 230.27811800000003 94.715000000000018 4.5000000000000009 2.0001262785705269 1 22038.330000000005 1.0000000180025095e-35 915.32500000000016 0.55304849285656765 2.770849831044075 2.0000000000000004 2.97054448197802 94.715000000000018 172.90500000000003 0.98495212038303703 1.5000000000000002 19.500000000000004 10.500000000000002 4.4877871425193971 20.500000000000004 2 386220.98500000004 1630571.2350000001 2.0000000000000004 14.78147580179159 15.826981529109192 673191.51500000013
decision_type=1 2 2 2 2 2 2 1 2 2 2 2 2 2 2 2 2 2 2 2 2 2 2 1 2 2 2 2 2 2
left_child=2 -2 3 12 -4 7 10 9 -9 -5 -7 -10 -1 14 -14 -16 17 -17 -15 20 21 -6 23 24 -22 26 29 -28 -29 -26
right_child=1 -3 4 5 19 6 -8 8 11 -11 -12 -13 13 18 15 16 -18 -19 -20 -21 22 -23 -24 -25 25 -27 27 28 -30 -31
leaf_value=-0.061252011505147322 -0.046696768693486435 0.0054257487756238024 -0.047164254749323065 -0.034327903485400504 0.0063122808097019869 -0.058489345760553826 -0.03875148123267097 -0.040270715434039428 0.076451564270251737 0.01193137772226233 0.0045251408739253526 -0.016790190143895812 -4.0569153577685437 -0.099975589021673528 -0.050616171965280655 -9.4302838216249452 -0.050456626641898261 -0.050022493116613678 -1.1418598157494562 -0.008194513500774693 -0.029339216700288093 -0.018112317181136147 -0.041234369487423601 0.025848943425526724 0.025722558148841959 -0.024715705322782496 0.081065697243204837 3.0437204021406887 -0.050074585945315775 0.43904322305193744
leaf_weight=9.0819316714433835 427.67810428363669 350.61746109341038 17.503334855515163 26.96822448039498 315.22039058900305 12.235286460840156 90.733290065726393 62.520180549673491 7.7001516873715472 242.22709322296768 99.579563922365196 11.78771084606594 0.024961652805358336 1.5976773895090444 0.15747442393330857 0.010660716146958293 0.060772174168505444 0.012856313987867907 0.042085255321580806 146.19268204450259 43.443472989931024 110.99330874567431 11.423033688883946 331.05761241582729 0.65681603911798303 7.2373539408436045 5.0405809644726105 0.032322706771083065 0.063417295401450247 1.5169584246468728
leaf_count=8985 2610762 274575 51431 9021 71097 401 877 6050 1471 26158 3702 1957 11 1982 120 16 26 29 4 42101 12145 43713 3484 74126 208 3167 940 22 47 293
internal_value=-0.00726658 -0.0229214 0.000711045 -0.00871418 0.00609272 -0.00712177 -0.0186675 -0.00046304 -0.0231171 0.00703572 -0.00237019 0.020052 -0.088962 -0.220964 -0.800378 -0.464147 -1.23673 -4.30227 -0.126716 0.00705088 0.00974691 -4.83006e-05 0.0201718 0.0219747 -0.00392324 0.0692804 0.162341 0.0980904 0.994419 0.314156
internal_weight=2333.42 778.296 1555.12 564.74 990.381 553.752 202.548 351.203 82.008 269.195 111.815 19.4879 10.9884 1.90649 0.266725 0.241764 0.0842892 0.023517 1.63976 972.878 826.685 426.214 400.472 389.049 57.9909 14.5474 7.3101 5.13632 0.09574 2.17377
internal_count=3248921 2885337 363584 60810 302774 49637 4980 44657 9478 35179 4103 3428 11173 2188 202 191 71 45 1986 251343 209242 114810 94432 90948 16822 4677 1510 1009 69 501
cat_boundaries=0 1 2 3
cat_threshold=8 2917 21088
is_linear=0
shrinkage=0.05


Tree=34
num_leaves=31
num_cat=3
split_feature=2 5 0 6 0 5 7 0 8 0 5 3 3 0 4 1 0 8 7 5 0 0 5 3 1 8 5 3 7 0
split_gain=108.475 201.824 28.9038 28.3666 24.6178 36.8606 31.7362 30.9057 26.4465 25.96 24.3746 23.5338 22.2029 19.1029 18.528 17.3785 16.0463 24.086 45.3993 85.126 45.9176 15.5437 17.0001 16.2959 14.9654 14.668 23.3803 19.8341 73.6167 14.3831
threshold=0 28.500000000000004 133.35500000000005 1.0000000180025095e-35 5075.795000000001 1.0000000180025095e-35 1.5427194123498358 20029.230000000003 4.0659559462360102 976.7650000000001 2.5000000000000004 10.500000000000002 19.500000000000004 9996.720000000003 3.5000000000000004 1 673191.51500000013 0.50393702330322965 5.3682268094477452 7.5000000000000009 220604.72500000003 12330.730000000001 13.500000000000002 4.5000000000000009 2 1.0001736714136855 2.5000000000000004 2.5000000000000004 5.8458787458923434 2702005.5600000005
decision_type=1 2 2 2 2 2 2 2 2 2 2 2 2 2 2 1 2 2 2 2 2 2 2 2 1 2 2 2 2 2
left_child=2 -2 -1 4 6 8 9 12 13 -4 15 -12 21 14 -6 -5 17 18 -9 20 -20 -7 23 -23 -19 -8 -27 28 -28 -18
right_child=1 -3 3 10 5 7 25 16 -10 -11 11 -13 -14 -15 -16 -17 29 24 19 -21 -22 22 -24 -25 -26 26 27 -29 -30 -31
leaf_value=-0.050243727769290217 -0.046515649237166647 0.0051259288165879172 -0.02047109076038877 -0.0091378780744427093 -0.057259492386805881 0.02975242330088871 -0.02923810409397758 -0.045606234457469814 -0.14068493967866549 0.040096589977794576 -0.020789677361822009 0.007573395943837752 -0.042720908643479223 -0.013207083017039323 -0.0061896444097040079 0.0145032211775818 0.099483319103060144 0.037025436326826026 -1.583167541475375 -0.13997726022373477 -0.51084485038341432 -0.027926573956681335 0.34873033909557444 0.10780137800813894 -0.024222092846360413 -0.019137485188416764 1.7183776383472951 0.06225724916134321 -0.050145712083459928 -0.017096480455813003
leaf_weight=27.40506611269825 408.36474086682551 352.51939257758204 22.952676144481842 85.119918319956724 60.732257271131601 27.094535196267316 59.143113587621556 14.07056713570001 4.8851979900758513 77.180827758265323 135.40115097170622 159.03653339306516 7.1855105844787834 163.85297385297648 25.099650210351683 611.21175593718101 4.8856607940368644 6.9750293746474217 0.16401369707070579 1.8170906497617636 0.2551138726861012 2.7282651307046732 0.6236666473568232 11.674637731095578 14.242148535326121 19.148479167167356 0.084780850302194177 10.297550313869577 0.192334790044697 5.7707605406249058
leaf_count=68856 2610628 274709 7454 18707 1504 1553 2489 1544 521 8592 63860 66576 552 9951 686 94301 971 773 49 75 28 173 41 570 1970 6182 25 3975 120 1486
internal_value=-0.00697019 -0.0222969 0.00064791 0.00156261 -0.00764471 -0.0154591 0.00691151 0.010685 -0.025471 0.0262132 0.00659071 -0.00546975 0.0385141 -0.0232168 -0.0423252 0.0116904 -0.0177945 -0.0331716 -0.0788654 -0.288137 -0.930468 0.0523721 0.0931578 0.0820912 0.00194712 -0.0148374 0.013817 0.0734905 0.490917 0.036352
internal_weight=2320.12 760.884 1559.23 1531.83 541.057 352.057 189 97.487 254.57 100.134 990.769 294.438 49.3066 249.685 85.8319 696.332 48.1804 37.524 16.3068 2.23622 0.419128 42.1211 15.0266 14.4029 21.2172 88.8663 29.7231 10.5747 0.277116 10.6564
internal_count=3248921 2885337 363584 294728 51284 22447 28837 9785 12662 16046 243444 130436 2889 12141 2190 113008 6896 4439 1696 152 77 2337 784 743 2743 12791 10302 4120 145 2457
cat_boundaries=0 1 2 3
cat_threshold=8 23168 22160
is_linear=0
shrinkage=0.05


Tree=35
num_leaves=31
num_cat=3
split_feature=2 7 0 8 4 0 7 3 7 0 0 7 1 3 3 8 6 6 3 0 0 0 4 5 7 1 0 0 4 7
split_gain=100.826 194.473 27.2646 25.9019 17.2255 25.494 23.1552 22.8509 22.1589 31.2946 50.2841 18.6018 16.5432 15.2839 27.2671 17.3369 15.8306 15.677 15.1625 20.0444 33.453 23.0691 16.6885 22.2143 14.6596 14.3571 34.1156 33.6808 17.2191 18.6754
threshold=0 27.805839456582422 133.35500000000005 1.2256623183746658 4.5000000000000009 449.89500000000004 1.6352133287418684 8.5000000000000018 0.55304849285656765 5075.795000000001 21033.540000000005 1.0000000180025095e-35 1 19.500000000000004 10.500000000000002 4.4877871425193971 20.500000000000004 1.0000000180025095e-35 1.0000000180025095e-35 5916.295000000001 20029.230000000003 14680.275000000001 3.5000000000000004 1.0000000180025095e-35 1.0000000180025095e-35 2 386220.98500000004 1630571.2350000001 2.0000000000000004 3.6381436633682571
decision_type=1 2 2 2 2 2 2 2 2 2 2 2 1 2 2 2 2 2 2 2 2 2 2 2 2 1 2 2 2 2
left_child=2 -2 -1 4 8 7 -7 -6 9 11 -11 -4 -10 14 15 -5 25 -17 22 -20 21 -21 -14 -24 -12 26 -16 28 29 -28
right_child=1 -3 3 13 5 6 -8 -9 12 10 24 -13 18 -15 16 17 -18 -19 19 20 -22 -23 23 -25 -26 -27 27 -29 -30 -31
leaf_value=-0.04996759911510032 -0.046326184580051388 0.0048478235499658665 -0.01379270991403222 0.0060002620688699377 -0.36475799304329293 1.8749099313421886e-05 -0.034245819186995777 -0.081587997901917328 -0.015259580293541476 -0.041387204752183396 -0.010067694821070807 0.03963612079685911 -0.046636361534578862 -0.0086048798694445417 -0.028375852300093853 -0.16233488147154812 -0.040758260740390795 -0.014674600161912008 0.010076031633324623 0.06142420332341423 0.0018032401479407796 0.16510865782756978 0.89017740262904743 0.076056236765922283 0.064228421270681055 0.023367862602806724 0.31313314317892293 -0.024122654450121437 0.074036518368558832 0.043143824478214687
leaf_weight=26.209003301142729 390.02326889675169 354.3020174659905 28.739958402147181 316.8287973387408 0.85582091248221459 106.13281672506123 92.085513689930664 4.2524817293306114 34.511033565109642 104.86383762781043 11.087179369351363 37.608977646188578 10.403051640879479 145.37039222003125 42.387314989220201 1.8283621669514207 11.087494719561446 106.57211928422856 62.273513873308666 21.501495510240929 19.052979449251612 7.148145154231222 0.10633155406685624 0.39526307841879316 16.550557739450596 339.93003816422828 1.9097143207909559 7.0970995450043111 6.0764209591434337 0.96371356537565578
leaf_count=68856 2610762 274575 11154 68374 103 3843 981 159 5802 3721 5134 3301 2643 40586 12004 467 3465 41723 9029 1376 3917 409 36 136 972 70716 185 3167 1009 316
internal_value=-0.00667724 -0.0216759 0.00059638 0.00146213 -0.0071416 -0.0187416 -0.0158994 -0.129029 -0.000483452 -0.0115381 -0.0255742 0.0164927 0.0136629 0.00635695 0.00896274 9.48797e-05 0.0181723 -0.0171651 0.0214112 0.0287586 0.0531478 0.0872937 -0.0330542 0.248639 0.0344237 0.0198125 -0.00415767 0.0572227 0.121728 0.222582
internal_weight=2308.15 744.325 1563.83 1537.62 557.569 203.327 198.218 5.1083 354.242 198.851 132.502 66.3489 155.392 980.051 834.681 425.229 409.452 108.4 120.881 109.976 47.7026 28.6496 10.9046 0.501595 27.6377 398.364 58.4343 16.0469 8.94985 2.87343
internal_count=3248921 2885337 363584 294728 52716 5086 4824 262 47630 24282 9827 14455 23348 242012 201426 110564 90862 42190 17546 14731 5702 1785 2815 172 6106 87397 16681 4677 1510 501
cat_boundaries=0 1 2 3
cat_threshold=8 19120 21088
is_linear=0
shrinkage=0.05


Tree=36
num_leaves=31
num_cat=3
split_feature=2 7 0 3 3 1 0 0 6 5 8 0 1 0 0 3 8 4 4 7 0 4 8 7 7 3 3 7 8 8
split_gain=93.662 187.259 25.711 23.716 33.0346 19.219 28.6044 17.0947 19.5972 37.1824 37.3022 30.4651 69.7665 41.3184 72.4349 39.1018 37.401 127.029 66.0508 30.0339 22.7504 34.7987 50.9714 21.3746 21.016 19.1212 21.3065 17.9456 17.4806 43.3999
threshold=0 27.805839456582422 133.35500000000005 5.5000000000000009 19.500000000000004 1 95819.445000000022 6928.5350000000008 1.0000000180025095e-35 3.5000000000000004 4.7085026484827699 19159.355000000003 2 136381.08000000005 113369.08500000001 10.500000000000002 4.0659559462360102 2.0000000000000004 2.0000000000000004 4.8682227334250152 64595.375000000007 3.5000000000000004 1.8796058775485867 2.030102300663899 3.798388029997271 9.5000000000000018 7.5000000000000009 2.2691757170595057 6.0004167245450768 5.3919759028726899
decision_type=1 2 2 2 2 1 2 2 2 2 2 2 1 2 2 2 2 2 2 2 2 2 2 2 2 2 2 2 2 2
left_child=2 -2 -1 -4 5 6 -5 27 9 10 -9 -10 13 14 20 -16 18 -18 -17 -11 28 -22 -23 -24 -12 26 -25 -7 29 -13
right_child=1 -3 3 4 -6 7 -8 8 11 19 24 12 -14 -15 15 16 17 -19 -20 -21 21 22 23 25 -26 -27 -28 -29 -30 -31
leaf_value=-0.0496678728794549 -0.046127627927230318 0.0045826439341000638 -0.0097560794867098399 -0.029979315354019372 -0.012391983152798837 0.01241995879528769 0.015955510275317681 -0.0048128492412659544 0.048272589808121394 0.13897465129807782 -0.64948212607032085 0.069863074362444974 -0.019021909097773279 -0.024983611142547869 0.13681551189820149 1.6407782647283253 0.44323535887115306 3.3720214458131048 -0.050326090431499153 0.020027199179089718 0.076691919038260087 1.4548073779401118 0.43259373054962424 -0.050159180591446195 -0.12855118885604333 -0.055482282426870838 1.0899288205740527 -0.0084619900902493678 -0.022948139475017417 0.37543741056891961
leaf_weight=25.077500652206936 372.55890445600426 356.01873651985079 365.58077003521112 73.698204421805187 225.4017482884708 316.57166325583148 62.74637241295558 106.98103146749501 108.15998300150447 8.2600988549566097 0.33561444958151199 17.785680324919547 71.490879075464051 8.2302884656819497 0.2631703011575145 0.088690306409262121 0.10101066064089537 0.058443334884941578 0.16545865847729146 14.843488585498065 2.771447278384584 0.099612851860001572 1.0979806666728107 0.076933545293286332 0.45758280181325972 0.56290271750185639 0.087690949090756476 152.42333907664113 4.1933749774132414 1.2431891682945195
leaf_count=68856 2610762 274575 82275 17252 47071 41943 11462 4852 10527 255 28 1690 22078 2503 73 23 18 35 53 1466 344 13 35 40 115 157 33 49816 416 155
internal_value=-0.00639208 -0.0210591 0.00055001 0.00136933 0.00482141 0.00889357 -0.00825071 0.0117166 0.0202675 0.00499348 -0.00734574 0.0295019 0.0107584 0.0579898 0.10215 0.613268 0.916429 1.5167 0.539818 0.0625538 0.0897604 0.190124 0.353424 0.293325 -0.348965 0.0831403 0.557134 0.00563333 0.0694624 0.0898268
internal_weight=2297.43 728.578 1568.85 1543.78 1178.2 952.794 136.445 816.35 347.355 130.878 107.774 216.477 108.317 36.8259 28.5956 0.676773 0.413603 0.159454 0.254149 23.1036 27.9188 4.69657 1.92512 1.82551 0.793197 0.727527 0.164624 468.995 23.2222 19.0289
internal_count=3248921 2885337 363584 294728 212453 165382 28714 136668 44909 6716 4995 38193 27666 5588 3085 202 129 53 76 1721 2883 622 278 265 143 230 73 91759 2261 1845
cat_boundaries=0 1 2 3
cat_threshold=8 20704 9240
is_linear=0
shrinkage=0.05


Tree=37
num_leaves=31
num_cat=3
split_feature=2 5 0 8 4 7 1 0 0 3 5 7 7 4 8 7 0 6 3 0 8 4 5 7 6 8 3 8 1 8
split_gain=86.3695 180.236 24.1773 22.3113 15.4315 22.4862 19.8541 18.9356 18.9347 17.5431 14.9364 13.8362 13.5828 19.7077 15.6748 49.7218 27.2565 15.7639 22.4775 17.2856 19.7457 19.3147 18.4471 120.405 26.1114 38.8361 14.4353 21.1974 20.8977 19.073
threshold=0 28.500000000000004 133.35500000000005 1.2256623183746658 4.5000000000000009 2.0001262785705269 1 22038.330000000005 915.32500000000016 1.0000000180025095e-35 8.5000000000000018 0.86447548097593885 1.0882297762323672 3.5000000000000004 4.5133973812888719 1.9998611303985561 25295.340000000004 1.5000000000000002 4.5000000000000009 1443.8750000000002 4.3820609443755192 1.0000000180025095e-35 2.5000000000000004 3.5573585058867132 3.5000000000000004 4.4623789925294348 18.500000000000004 3.1682143236971561 2 3.1201473443601651
decision_type=1 2 2 2 2 2 1 2 2 2 2 2 2 2 2 2 2 2 2 2 2 2 2 2 2 2 2 2 1 2
left_child=2 -2 -1 4 6 8 9 11 -6 10 -4 -8 -5 14 17 16 -16 -14 -19 -20 -21 -22 -23 -24 25 -25 27 29 -29 -15
right_child=1 -3 3 12 5 -7 7 -9 -10 -11 -12 -13 13 26 15 -17 -18 18 19 20 21 22 23 24 -26 -27 -28 28 -30 -31
leaf_value=-0.04934397653442512 -0.045920137532083551 0.0043365215213694809 -0.034928384604125617 0.012306965873010467 -0.058380158378543247 -0.036791226799871568 -0.050304789289174867 0.018616272013419442 0.0044299637499548928 0.01020769175547618 0.72931861064399373 0.0077585610317808338 -0.023002104513332733 0.031068185252743404 -0.17964470006308494 -0.013254444364401506 0.160935257582345 -0.032627716005724693 -0.026993060388515802 0.021858657320959679 -0.050115170868680864 0.084674724808346022 2.2395082241478068 -0.050120240623682255 -0.050124569913959111 1.8181197435667262 -0.014157299112783057 0.023294734643567419 -0.01260436648365402 0.19412257441734126
leaf_weight=24.007160523556195 355.97463941608248 357.62691888988775 25.812128645376887 437.69397249378801 13.637965132424169 88.059356049141087 46.942213503207199 19.942260114684181 99.831636635470204 250.52663464586701 0.064090933056990873 13.129930786573089 69.662487441317467 85.208484481699855 7.0617413806010907 42.543073395167426 0.64075396863253775 30.109883717559541 19.600322204612866 95.661630706905271 0.44288498917012364 0.36121217594336485 0.087344312225468457 0.057915160374250263 0.29748209856916219 0.053525802097283304 52.023129721424993 61.683320488044345 84.105070274705625 1.8320254049322091
leaf_count=68856 2610628 274709 9299 52869 473 911 3637 3428 3702 28516 17 2733 22663 14010 218 21112 75 13600 15152 27411 350 74 29 39 188 30 17636 21142 34930 484
internal_value=-0.00616788 -0.0204471 0.000445203 0.0012207 -0.00677409 -0.0178324 -0.000521391 -0.0209777 -0.00311921 0.0059443 -0.0330355 -0.0376139 0.0057304 0.000510318 -0.00926065 -0.0344183 -0.151313 -0.00341756 0.00588419 0.0158324 0.0244893 0.218017 0.356506 0.55436 0.194419 0.847207 0.00965453 0.014975 0.00331789 0.0345001
internal_weight=2284.68 713.602 1571.08 1547.07 557.946 201.529 356.417 80.0144 113.47 276.403 25.8762 60.0721 989.126 551.432 266.58 50.2456 7.7025 216.335 146.672 116.562 96.962 1.30036 0.85748 0.496267 0.408923 0.111441 284.852 232.829 145.788 87.0405
internal_count=3248921 2885337 363584 294728 52716 5086 47630 9798 4175 37832 9316 6370 242012 189143 100941 21405 293 79536 56873 43273 28121 710 360 286 257 69 88202 70566 56072 14494
cat_boundaries=0 1 2 3
cat_threshold=8 2917 11652
is_linear=0
shrinkage=0.05


Tree=38
num_leaves=31
num_cat=3
split_feature=2 5 0 6 0 5 8 0 7 5 0 3 3 0 4 0 8 7 5 1 1 0 0 7 8 5 0 5 3 6
split_gain=79.9957 173.346 22.7713 20.3434 21.8681 31.0373 25.4407 25.3562 25.1885 21.4094 20.7405 19.1026 18.4973 16.9545 16.2722 13.9699 22.8894 46.919 127.441 14.2094 13.5324 12.7485 12.7092 33.5845 12.074 19.3531 11.7913 16.9115 11.8116 11.7272
threshold=0 28.500000000000004 133.35500000000005 1.0000000180025095e-35 5075.795000000001 1.0000000180025095e-35 4.0659559462360102 20029.230000000003 1.5427194123498358 2.5000000000000004 976.7650000000001 10.500000000000002 19.500000000000004 9996.720000000003 3.5000000000000004 673191.51500000013 0.50393702330322965 5.3682268094477452 7.5000000000000009 1 2 123868.68000000001 7848.8400000000011 1.2310949177653725 1.0001736714136855 2.5000000000000004 14043.320000000002 13.500000000000002 4.5000000000000009 13.500000000000002
decision_type=1 2 2 2 2 2 2 2 2 2 2 2 2 2 2 2 2 2 2 1 1 2 2 2 2 2 2 2 2 2
left_child=2 -2 -1 4 8 6 13 12 10 20 -4 -11 26 14 -6 16 17 -9 -19 21 -5 -18 23 -8 -10 -26 -7 28 -28 -22
right_child=1 -3 3 9 5 7 22 15 24 11 -12 -13 -14 -15 -16 -17 19 18 -20 -21 29 -23 -24 -25 25 -27 27 -29 -30 -31
leaf_value=-0.048995437283867758 -0.045702905786136769 0.0041014535776584945 -0.018756693910065996 -0.0066764986546472491 -0.054110072706279877 0.030692836292701919 -1.4411032760098097 -0.04359965846121041 -0.026462157131529336 -0.020051235648072215 0.035295344938544658 0.0054271560560410145 -0.041461964333062533 -0.011950378447405043 -0.005931883656373641 0.032880662511232339 0.13215796890125009 -1.2530119596977869 -0.13697166646334838 -0.02348632580203526 0.014517224139120311 -0.012376962303245056 -0.12406952925449451 -0.050218527483648467 -0.018489169206099765 0.064251531075330839 -0.036817091598486819 0.34043604374147085 0.099367254561679136 -0.016641172258198712
leaf_weight=22.994741521434435 340.18298693793599 359.17657730740029 22.70340909750071 102.63734100465135 58.542148889005176 32.702963094445863 0.067149751935618229 13.733219020447878 57.056013600231537 133.0483593032701 81.301267058938834 164.56023924300655 7.0078418801934594 161.76145366818383 25.015086685598362 10.975561883695283 4.8990037650219156 0.29955185681226759 1.751049075668675 13.961366625822849 580.81089012886412 2.215640117705334 4.2732103591044792 0.12271377935394412 18.762544098886796 11.337895094236954 1.9404139274555561 0.63496302091675438 8.8720297475233512 31.854699891254086
leaf_count=68856 2610628 274709 7454 22687 1504 1779 5 1544 2489 63860 8592 66576 552 9951 686 2457 497 77 75 1970 79077 276 464 52 6182 4120 126 27 405 11244
internal_value=-0.00591115 -0.0198407 0.000394201 0.00112811 -0.00671037 -0.0141599 -0.0235499 0.00953284 0.00688144 0.00530644 0.0234962 -0.00596317 0.0340024 -0.0213975 -0.0396866 -0.0166364 -0.0313809 -0.076911 -0.300003 0.0027166 0.00999526 0.0362274 -0.141855 -0.542138 -0.0129451 0.0126767 0.0459806 0.0896546 0.0749275 0.0126901
internal_weight=2275.2 699.36 1575.84 1552.85 539.936 348.775 249.782 98.9936 191.161 1012.91 104.005 297.609 51.1582 245.319 83.5572 47.8354 36.8598 15.7838 2.0506 21.076 715.303 7.11464 4.46307 0.189864 87.1565 30.1004 44.1504 11.4474 10.8124 612.666
internal_count=3248921 2885337 363584 294728 51284 22447 12662 9785 28837 243444 16046 130436 2889 12141 2190 6896 4439 1696 152 2743 113008 773 521 57 12791 10302 2337 558 531 90321
cat_boundaries=0 1 2 3
cat_threshold=8 22160 23232
is_linear=0
shrinkage=0.05


Tree=39
num_leaves=31
num_cat=1
split_feature=2 7 8 0 7 5 4 7 0 7 7 0 0 7 4 8 0 3 7 4 0 0 7 3 0 3 4 8 3 0
split_gain=74.4535 168.254 21.4776 21.8679 19.0486 21.9812 45.8732 268.924 27.1302 20.0751 150.233 24.8316 65.594 17.3676 19.8265 15.4002 14.7776 14.5142 14.3165 20.7127 32.0399 40.087 26.0039 16.5975 13.9402 15.9342 17.5418 45.1392 21.3136 86.1584
threshold=0 27.805839456582422 1.2256623183746658 230.27811800000003 2.6942035799279753 4.5000000000000009 2.0000000000000004 2.8507559949477868 94.715000000000018 5.313336922943142 5.0003215434083605 138.87500000000003 172.90500000000003 1.0882297762323672 3.5000000000000004 2.2771503276859231 17498.000000000004 14.500000000000002 4.1741651218116038 4.5000000000000009 104263.06000000001 673191.51500000013 4.3069854156645802 2.5000000000000004 192.94500000000002 7.5000000000000009 1.0000000180025095e-35 1.3133693167000728 21.500000000000004 123.19500000000001
decision_type=1 2 2 2 2 2 2 2 2 2 2 2 2 2 2 2 2 2 2 2 2 2 2 2 2 2 2 2 2 2
left_child=2 -2 3 4 -1 6 7 -6 -9 10 11 -7 -13 24 -15 17 -17 18 -16 -20 22 -22 -21 -24 25 -4 27 -27 -29 -30
right_child=1 -3 13 -5 5 9 -8 8 -10 -11 -12 12 -14 14 15 16 -18 -19 19 20 21 -23 23 -25 -26 26 -28 28 29 -31
leaf_value=-0.02862776331680918 -0.047513359254208534 0.003386158432081246 -0.016607232166386553 -0.0056803319538551358 -8.0254782310421362 -0.050024409139839889 -0.17053911436086316 -0.05030577371804909 -1.2019055530918532 -0.067067128835490625 8.2168118413444784 4.7337508855781198 -0.050028561114184723 -0.010651302903571143 0.031641807060986481 0.010391870277005829 -0.016318658851204735 -0.0012638746645246895 0.054463601750563098 0.95890447395028877 1.5921568904065406 0.2709715862940491 -0.37420506025232958 0.16556646684497212 0.010636802383006509 2.9575149914704251 0.096418012808713024 0.16978182266607583 3.1427428069074654 -0.050496567198077616
leaf_weight=15.484044541232448 300.88998702035337 352.64594191097422 2.9844490306275002 552.70608586305298 0.012536469118912819 0.15723352990930228 2.9217471348347317 0.13305580160977115 0.08307579179000868 2.3698694116218988 0.0060482541011879212 0.010452006623381749 0.022790873355802432 285.46667187575423 26.805550076067419 169.09712314809252 74.638243697053355 21.922750803089002 6.5733074887539242 0.099053836267558704 0.091293069883249589 0.15471061097923666 0.15158437703212291 2.3550549521314679 442.48873914392027 0.016624592331936472 4.7761791209923103 0.45391999822459184 0.031320371694164351 0.064886253385338932
leaf_count=27966 2525489 266729 5150 50040 34 614 2218 253 43 2692 15 29 38 167686 2787 102894 28061 4907 2186 19 23 32 66 493 51162 24 6894 307 50 20
internal_value=-0.00566188 -0.019746 0.000169259 -0.00759187 -0.0574256 -0.135425 -0.223915 -0.905915 -0.492953 -0.0267969 0.458817 0.212475 1.45406 0.00446128 -0.00120443 0.00772857 0.0022124 0.0308482 0.050279 0.103285 0.21582 0.761269 0.164324 0.132925 0.011843 0.0759346 0.127627 0.39063 0.31306 0.989073
internal_weight=2265.61 653.536 1612.08 573.907 21.2009 5.71681 3.15042 0.228668 0.216132 2.56639 0.196525 0.190476 0.0332429 1038.17 587.355 301.889 243.735 58.1533 36.2306 9.425 2.8517 0.246004 2.60569 2.50664 450.816 8.32738 5.34293 0.566751 0.550127 0.0962066
internal_count=3248921 2792218 456703 83942 33902 5936 2548 330 296 3388 696 681 67 372761 309154 141468 130955 10513 5606 2819 633 55 578 559 63607 12445 7295 401 377 70
cat_boundaries=0 1
cat_threshold=72
is_linear=0
shrinkage=0.05


Tree=40
num_leaves=31
num_cat=6
split_feature=2 5 0 3 3 1 8 0 1 0 7 1 7 0 6 5 7 8 5 0 1 1 7 4 0 4 8 8 8 8
split_gain=71.1854 165.423 23.7246 19.5498 27.9652 15.5432 14.2343 14.7783 12.9494 12.0611 20.7626 14.5565 16.9195 11.7664 18.4274 32.1573 31.6568 27.0182 21.6452 21.1721 53.0538 22.7137 21.8504 39.582 40.7921 31.2849 56.2119 35.9741 46.4272 26.3425
threshold=0 28.500000000000004 133.35500000000005 5.5000000000000009 19.500000000000004 1 4.1863000577521738 28052.240000000002 2 4268.005000000001 2.334730642758891 3 2.2691757170595057 6928.5350000000008 1.0000000180025095e-35 3.5000000000000004 4.8682227334250152 4.0659559462360102 8.5000000000000018 19159.355000000003 4 5 1.0882297762323672 3.5000000000000004 7234.7450000000008 4.5000000000000009 2.7202180986078699 2.0886228949703693 1.5385528634964707 4.5398285912523937
decision_type=1 2 2 2 2 1 2 2 1 2 2 1 2 2 2 2 2 2 2 2 1 1 2 2 2 2 2 2 2 2
left_child=2 -2 -1 9 5 6 7 -5 -6 10 11 12 -4 -7 15 17 18 -15 -17 21 -21 -16 23 -23 -25 26 27 28 -26 -27
right_child=1 -3 3 4 8 13 -8 -9 -10 -11 -12 -13 -14 14 19 16 -18 -19 -20 20 -22 22 -24 24 25 29 -28 -29 -30 -31
leaf_value=-0.049791296700372648 -0.045864396773596161 0.0037159187033695379 0.037485444305448118 -0.029418673192381339 -0.0032567962902909243 0.0044416418129209776 -0.06606825963785519 0.015687090389785763 -0.029652670224668699 -0.016995799032548886 -0.026037842812264955 -0.0033060112158845517 0.39707650537188527 -0.0055556048674074631 -0.010000196658996015 0.10154959431201893 0.011303533840318403 -0.17417439236031049 0.37773489777000496 -0.024532409961084925 0.034264648484469258 0.052254669534385179 0.038628462344964962 0.67357746078927005 1.0544193252565612 0.15708698760746709 0.16822784621653711 1.3299525176162055 -0.050438311203254232 -0.118430062119334
leaf_weight=23.350068653152221 314.4888720005838 361.75454169425939 41.995483990242107 34.153439583594583 163.54508614686043 481.5383192925176 11.161224205097069 38.776986198214239 60.572590241565166 209.18651470654459 47.551941239508537 64.270432528209668 0.32968988196087323 120.388001708758 22.971884193201873 8.960015353339255 17.841261511935905 2.4234839808245843 0.77041256428259153 57.160666453420255 82.861707345449446 17.297840130140905 70.169432855025363 0.41344985167961557 0.18103003036230925 3.5618904012590065 1.5924256188445722 0.18110446119681001 0.20027027069590986 1.1469118899149693
leaf_count=68856 2610628 274709 8451 7428 33130 92967 6759 6307 13941 40774 21001 12000 49 5454 2853 283 1684 381 10 18001 14818 896 7139 22 38 104 143 25 31 39
internal_value=-0.00562043 -0.0190597 0.000233881 0.000983578 0.00406506 0.00773019 -0.0120505 -0.00543601 -0.0118592 -0.00917571 0.00143656 0.0136928 0.0325872 0.00962712 0.0159813 0.00207224 0.0508698 -0.00888302 0.123417 0.0240968 0.0109573 0.0397262 0.047794 0.0934128 0.191247 0.162192 0.319993 0.74971 0.474115 0.0899799
internal_weight=2260.8 676.243 1584.55 1561.2 1197.87 973.752 84.0916 72.9304 224.118 363.334 154.148 106.596 42.3252 889.66 408.122 150.383 27.5717 122.811 9.73043 257.739 140.022 117.716 94.7444 24.5749 7.27708 6.86363 2.15483 0.562405 0.3813 4.7088
internal_count=3248921 2885337 363584 294728 212453 165382 20494 13735 47071 82275 41501 20500 8500 144888 51921 7812 1977 5835 293 44109 32819 11290 8437 1298 402 380 237 94 69 143
cat_boundaries=0 1 2 3 4 5 6
cat_threshold=8 20672 12373 17948 2309 10288
is_linear=0
shrinkage=0.05


Tree=41
num_leaves=31
num_cat=4
split_feature=2 7 0 3 3 1 0 0 1 0 0 1 7 4 7 0 6 8 6 0 0 8 5 0 7 0 7 8 7 8
split_gain=65.6724 158.885 22.3231 17.8067 24.9117 14.6679 24.0482 13.5091 12.5094 12.4118 16.2403 76.9976 41.4233 26.6791 25.5233 24.898 24.1922 21.0688 31.678 17.4969 17.4833 16.378 23.5067 14.9177 14.1816 13.7291 16.0008 12.8991 12.7786 20.1201
threshold=0 27.805839456582422 179.67500000000004 5.5000000000000009 19.500000000000004 1 95819.445000000022 2702005.5600000005 2 7234.7450000000008 20029.230000000003 3 0.55304849285656765 2.0000000000000004 0.64869735330765521 5498406.8650000012 1.0000000180025095e-35 4.0002415750694533 3.5000000000000004 123868.68000000001 308312.81000000006 0.79844752463558522 9.5000000000000018 1319510.4300000002 2.2691757170595057 69589.645000000004 0.29696876285471357 1.8582933969046069 22.18277207239489 2.9829806282860383
decision_type=1 2 2 2 2 1 2 2 1 2 2 1 2 2 2 2 2 2 2 2 2 2 2 2 2 2 2 2 2 2
left_child=2 -2 -1 -4 5 6 -5 -8 -6 24 12 19 13 -11 16 -13 -14 -15 -19 25 -21 22 -16 -22 -7 -12 27 -27 -26 -30
right_child=1 -3 3 4 8 9 7 -9 -10 10 11 15 14 17 21 -17 -18 18 -20 20 23 -23 -24 -25 28 26 -28 -29 29 -31
leaf_value=-0.041877390410681711 -0.045621695452932626 0.003519652727315933 -0.0087369722725937227 -0.028203293789654072 -0.0028016885951747633 0.010519624124430268 0.024005396572868529 -0.038140846505422585 -0.028924052179574989 -0.025332413828146546 0.04772352669778579 -0.043759566602189839 0.028039388160805031 0.06589852754505747 0.067250929970883194 0.047163032216781101 0.27297023762483702 -0.5312379624610758 -0.018347391393950096 -0.032588879841781257 0.085852050349653569 0.03121949687124877 0.29949786292760538 -0.0020398067430496022 -0.0091761433684550645 0.12056073824935565 0.090621245050480428 0.45299232408088125 0.35712306921018244 -0.050119043668483826
leaf_weight=30.929114139598596 300.72463084840979 363.0774269188405 359.4611702674697 71.267332519775636 161.97872963918036 331.43627289679353 54.014806675300008 10.433611913198545 58.92555084147051 48.175605911669614 38.249748747826736 67.063256863523208 1.7963558824267227 16.208295164600717 18.057778756603334 8.4816850932402286 2.2976557368820067 0.3496153821145439 2.1675439175401845 12.717087194948226 9.8798380880632255 109.54735612587443 1.1594651743143298 9.4410649928176991 151.78209488380583 0.57580178277566829 7.8403424305797671 0.59164220036473125 0.60731479094829299 0.60586616222281009
leaf_count=79894 2610762 274575 79448 16999 31689 40121 7665 3797 13604 536 3606 19447 41 914 409 1240 110 19 159 1931 1861 10270 28 2607 45494 36 1083 48 111 417
internal_value=-0.00540003 -0.0184649 0.000183228 0.00102094 0.00395456 0.00739033 -0.00762631 0.0139445 -0.0112059 0.00979349 0.0170182 0.00486447 0.0264389 -0.00564714 0.0425959 -0.0296293 0.1655 0.0449978 -0.0895842 0.0368199 0.0129381 0.0386882 0.0812635 0.0429041 0.00470723 0.0608018 0.116336 0.289032 -0.00788425 0.153745
internal_weight=2249.84 663.802 1586.04 1555.11 1195.65 974.747 135.716 64.4484 220.904 839.032 354.6 154.84 199.76 66.9011 132.859 75.5449 4.09401 18.7255 2.51716 79.2955 32.038 128.765 19.2172 19.3209 484.432 47.2575 9.00779 1.16744 152.995 1.21318
internal_count=3248921 2885337 363584 283690 204242 158949 28461 11462 45293 130488 44345 31859 12486 1628 10858 20687 151 1092 178 11172 6399 10707 437 4468 86143 4773 1167 84 46022 528
cat_boundaries=0 1 2 3 4
cat_threshold=8 20704 12373 9752
is_linear=0
shrinkage=0.05


Tree=42
num_leaves=31
num_cat=2
split_feature=2 5 0 6 1 0 0 8 8 3 5 0 5 3 5 7 5 0 3 8 0 0 4 0 8 5 0 0 5 8
split_gain=60.5982 152.481 21.1576 16.3346 19.6709 20.2404 20.5442 21.4319 31.9584 38.6814 17.6848 18.3777 17.0061 15.3741 15.9181 22.8377 50.1923 15.6958 12.8785 12.054 36.8765 66.1577 16.4557 33.0488 11.2888 25.7686 101.139 15.5926 25.7947 28.4851
threshold=0 28.500000000000004 133.35500000000005 1.0000000180025095e-35 1 24133.905000000002 5075.795000000001 4.5398285912523937 5.9291438666860481 17.500000000000004 2.5000000000000004 1841.4900000000002 17.500000000000004 19.500000000000004 4.5000000000000009 6.7515650095573054 10.500000000000002 143.99500000000003 10.500000000000002 2.0524759181430183 8839.6900000000005 4559.505000000001 3.5000000000000004 2013.5600000000002 1.3889797961300865 30.500000000000004 976.7650000000001 8391879.495000001 485.50000000000006 1.3133693167000728
decision_type=1 2 2 2 1 2 2 2 2 2 2 2 2 2 2 2 2 2 2 2 2 2 2 2 2 2 2 2 2 2
left_child=2 -2 -1 4 5 6 12 -8 9 -9 -5 -12 -4 14 -6 16 17 -16 -13 -19 21 22 -21 -24 25 26 -3 -27 -29 -30
right_child=1 24 3 10 13 -7 7 8 -10 -11 11 18 -14 -15 15 -17 -18 19 -20 20 -22 -23 23 -25 -26 27 -28 28 29 -31
leaf_value=-0.048944875236719684 -0.04536753636065919 6.44384710536165 0.021958585011800695 0.0087119193913460131 0.00038373419266132152 -0.0034104347999549278 -0.048966283777921893 -1.5762764740297575 -0.10008925936164877 -0.052998508178585382 -0.031545270071822618 -0.013083943827687456 -0.75340276471732959 -0.023799885222540618 0.9575167058621088 0.0014930855867691887 0.66906325443527315 0.051031035300897171 0.010303839140062889 0.091150286429145327 -0.087311480091832858 1.4525101168764898 -0.050134294882316535 1.55262725041898 2.9211536907192671e-05 0.022269039993324635 -0.050019536785959197 0.77620162755483046 -0.050067820488491566 1.490056468664301
leaf_weight=21.64811693708657 287.62091950712079 0.0076995724230063392 12.769744142205301 729.6911981940932 295.9241383649499 73.114480686815241 64.035179969607213 0.098464252306654454 0.35775798713439144 0.072260888351593167 56.080691402286078 103.28571770608477 0.071112912497491076 57.776700006782619 0.049510896002176064 20.19346831603788 0.35686817292776218 13.025537251195013 136.84887359876413 0.49032141605857649 0.59061732032569125 0.13296348083531484 0.066396385576808825 0.062381084309890866 319.38380454818252 44.321994759200606 0.027096563353552483 0.18153908982640032 0.39904789009597152 0.032464913092553616
leaf_count=68856 2610628 21 3917 113008 28957 5849 2662 41 9 15 48600 40031 33 6352 9 2612 8 589 41805 104 69 16 31 11 241185 32967 76 141 295 24
internal_value=-0.00518214 -0.017878 0.000146178 0.000826131 -0.0062198 -0.0208881 -0.0400956 -0.0515833 -0.368686 -0.931536 0.00452928 -0.00577417 0.0176646 -1.77741e-06 0.00415353 0.0360562 0.0832959 0.068797 0.000244381 0.0657346 0.208376 0.440588 0.223258 0.726259 0.00333166 0.0267863 1.38692 0.025733 0.276169 0.0658036
internal_weight=2238.72 651.975 1586.74 1565.09 539.188 150.519 77.4045 64.5637 0.528483 0.170725 1025.91 296.215 12.8409 388.669 330.892 34.9681 14.7746 14.4177 240.135 14.3682 1.34268 0.752062 0.619099 0.128777 364.354 44.9698 0.0347961 44.935 0.613052 0.431513
internal_count=3248921 2885337 363584 294728 51284 12526 6677 2727 65 56 243444 130436 3950 38758 32406 3449 837 829 81836 820 231 162 146 42 274709 33524 97 33427 460 319
cat_boundaries=0 1 2
cat_threshold=8 24824
is_linear=0
shrinkage=0.05


Tree=43
num_leaves=31
num_cat=4
split_feature=2 5 0 3 3 1 0 0 1 0 7 1 8 7 0 8 7 5 0 0 3 3 0 6 8 8 7 3 6 6
split_gain=57.5457 148.061 19.8846 15.5521 22.1577 12.4525 18.1073 12.5182 11.6481 10.9404 18.2519 12.597 13.0789 35.9379 10.306 17.8398 19.049 63.791 78.5333 262.354 58.4904 18.0963 90.5073 14.4241 13.2631 11.7657 19.9716 24.7041 46.0136 37.2591
threshold=0 38.500000000000007 133.35500000000005 5.5000000000000009 19.500000000000004 1 198802.17500000002 2702005.5600000005 2 4268.005000000001 2.334730642758891 3 1.1192724745831486 2.2691757170595057 915.32500000000016 1.0000000180025095e-35 1.4969787601366551 4.5000000000000009 498.62500000000006 391.60500000000008 14.500000000000002 17.500000000000004 607.00000000000011 9.5000000000000018 6.344277841760932 6.7688692036518132 5.4198521632636059 16.500000000000004 5.5000000000000009 7.5000000000000009
decision_type=1 2 2 2 2 1 2 2 1 2 2 1 2 2 2 2 2 2 2 2 2 2 2 2 2 2 2 2 2 2
left_child=2 -2 -1 9 5 6 -5 -8 -6 10 11 12 -4 -14 15 16 21 18 19 20 -18 -7 -23 25 -17 -16 27 -27 -29 -30
right_child=1 -3 3 4 8 14 7 -9 -10 -11 -12 -13 13 -15 23 24 17 -19 -20 -21 -22 22 -24 -25 -26 26 -28 28 29 -31
leaf_value=-0.048446805559612685 -0.045141062329864277 0.0032266275457598611 -0.00030201919132107123 -0.017292430617622995 -0.0028172696186974482 -0.050191284570458267 0.030743839647299293 -0.029612995102351811 -0.028200885960671003 -0.015945863287863092 -0.024731594650991073 -0.0030716105652125567 0.052398419458669854 0.74507350107214532 0.01159661214376779 -0.015487663969159899 -0.050022346765029285 0.12327565954528866 -0.0500314527998766 10.426638620985901 4.1251036357504356 -0.050022735556287716 5.4623870716516381 -0.02039560326441792 0.063985835443561109 0.059814738583954169 -0.0088453098238748147 0.99045813860099929 -0.033408571298063496 0.42051934267828117
leaf_weight=20.798761008483325 279.8072804249166 364.12732931930805 15.313869290410507 113.4398544405968 162.37533701686601 0.55532680149195712 41.521948283554991 10.831709666832465 57.604005903301243 204.8308278495816 45.814049698312061 63.931656149782469 28.36643455497688 0.18849933904129912 686.91159479285841 76.257474841636565 0.028004933396005072 0.283112600853201 0.037691102101234719 0.0095450225344393402 0.011975685934885405 0.041586800798540935 0.0090703970054164529 34.629121653122979 5.6379175041802219 8.6949982498335903 7.8020236946758805 0.19199426652630736 0.97725985111901514 0.84117490117205307
leaf_count=68856 2615148 270189 3645 23820 33130 872 5752 3917 13941 40774 21001 12000 4813 42 79551 33822 70 136 68 20 29 96 13 9033 3777 1449 2623 40 143 151
internal_value=-0.00504687 -0.0175184 0.000120107 0.000765444 0.00347791 0.00667114 -0.00572186 0.0182563 -0.0108743 -0.00838111 0.00170579 0.0129414 0.0301135 0.056971 0.00912659 -0.00748352 0.204986 0.487506 1.66983 2.97871 1.20058 0.0323328 0.936999 0.0111099 -0.0100165 0.0126565 0.0519964 0.0963374 0.254296 0.17657
internal_weight=2231.87 643.935 1587.94 1567.14 1208.69 988.713 165.794 52.3537 219.979 358.445 153.615 107.8 43.8688 28.5549 822.92 82.8717 0.976313 0.370329 0.0872167 0.0495256 0.0399806 0.605984 0.0506572 740.048 81.8954 705.419 18.5075 10.7054 2.01043 1.81843
internal_count=3248921 2885337 363584 294728 212453 165382 33489 9669 47071 82275 41501 20500 8500 4855 131893 38903 1304 323 187 119 99 981 109 92990 37599 83957 4406 1783 334 294
cat_boundaries=0 1 2 3 4
cat_threshold=8 21728 12373 17948
is_linear=0
shrinkage=0.05


Tree=44
num_leaves=31
num_cat=2
split_feature=2 5 0 8 7 0 7 3 3 1 0 5 6 6 8 6 0 8 3 0 8 0 7 6 0 3 0 4 8 7
split_gain=49.0287 141.888 22.9446 36.9895 53.3887 118.299 24.242 15.8218 20.1587 14.371 18.2771 14.0676 15.702 12.9832 12.4396 12.1028 58.8988 120.504 30.2971 15.7158 17.6408 11.04 13.2914 10.2126 10.8853 9.56159 17.9238 9.55673 9.55595 15.5119
threshold=0 38.500000000000007 915.32500000000016 1.0000000180025095e-35 1.9998611303985561 405.40500000000003 4.9996785392825007 5.5000000000000009 19.500000000000004 1 17498.000000000004 3.5000000000000004 1.5000000000000002 9.5000000000000018 5.7470463457614782 5.5000000000000009 29642.770000000004 5.2526673710403582 17.500000000000004 506823.76000000007 2.4038633603599506 3989.7100000000005 2.0001262785705269 1.5000000000000002 6145.9750000000013 6.5000000000000009 21033.540000000005 2.0000000000000004 6.7688692036518132 5.4198521632636059
decision_type=1 2 2 2 2 2 2 2 2 1 2 2 2 2 2 2 2 2 2 2 2 2 2 2 2 2 2 2 2 2
left_child=2 -2 3 4 -1 -6 -7 21 9 10 27 12 -5 28 15 25 17 18 -17 -18 -21 22 -4 24 -10 26 -12 -9 -11 -30
right_child=1 -3 7 11 5 6 -8 8 23 13 14 -13 -14 -15 -16 16 19 -19 -20 20 -22 -23 -24 -25 -26 -27 -28 -29 29 -31
leaf_value=-0.011248196845151756 -0.044857113017210182 0.0030551924905909359 0.015872554720349076 -0.023513014843981508 0.029395074018343639 -0.74421225803911817 -0.18070149519139628 -0.049847110650331983 -0.0025818699272902633 0.010915126795126295 0.60330257938127918 -0.040137957769827391 0.012558226041661619 -0.019730424867722696 -0.045769901157338699 -0.050553193659996977 -0.03761740223378237 1.9188776201913109 0.93044044009210547 0.49724322436976759 0.077464846000124432 -0.014975304077307884 -0.021587606270718439 0.0014123663517399323 -0.035824740645922198 0.0019350242560813129 0.054286273732862822 -0.0081550472317163721 0.082722649523741379 -0.0084652257093869743
leaf_weight=3.487382543841572 267.80378816055918 365.30054842255777 77.685572106536 59.56417374203194 1.2908484486540781 1.0808634918794267 0.23178259898122622 28.48730542842614 43.574722250021331 693.14364931159162 0.1527789570973076 37.96669886255755 61.13548791850917 34.022477475223695 10.524544155661713 0.34513391222571854 3.7346281680511311 0.12691545669804327 0.10195698484312743 0.27350790682248804 2.9464436325943097 211.45916252040453 34.062034274655446 96.648629826160814 56.627432075111479 81.821663215275862 5.5162583452114147 26.559917776651176 11.719828471206712 7.7461752867093301
leaf_count=4918 2615148 270189 11404 31184 797 178 88 3742 5196 79551 46 68518 38121 9033 2954 102 758 29 20 20 423 41985 9232 23289 6409 12650 895 7636 1783 2623
internal_value=-0.00530299 -0.0169441 -0.000563703 -0.0182344 -0.139152 -0.310479 -0.644709 0.00147215 0.00432044 0.00746756 -0.00600059 -0.0135926 -0.0052426 0.0103067 0.00580763 0.0115205 0.0723524 0.559145 0.173158 0.0321743 0.113122 -0.00825761 0.00445424 -0.0101837 -0.0213685 0.00628588 0.0690821 -0.029731 0.0118854 0.0464359
internal_weight=2225.14 633.104 1592.04 164.757 6.09088 2.60349 1.31265 1427.28 1104.07 907.223 160.591 158.666 120.7 746.632 105.544 95.0193 7.52859 0.574006 0.447091 6.95458 3.21995 323.207 111.748 196.851 100.202 87.4907 5.66904 55.0472 712.61 19.466
internal_count=3248921 2885337 363584 143804 5981 1063 266 219780 157159 122265 29275 137823 69305 92990 17897 14943 1352 151 122 1201 443 62621 20636 34894 11605 13591 941 11378 83957 4406
cat_boundaries=0 1 2
cat_threshold=8 21728
is_linear=0
shrinkage=0.05


Tree=45
num_leaves=31
num_cat=2
split_feature=2 5 8 0 7 0 8 3 0 4 3 5 1 0 0 7 7 0 7 7 0 5 4 3 8 0 7 0 0 8
split_gain=45.2699 135.875 20.9554 36.4406 40.3682 26.6203 35.2902 16.4117 30.7547 15.5376 11.5852 13.7069 11.4608 16.0337 17.5446 29.0587 98.1702 149.192 14.9549 26.4762 43.054 13.3468 22.7892 11.8553 23.9524 20.3615 11.578 15.8712 37.9553 14.0703
threshold=0 38.500000000000007 1.2256623183746658 587.15500000000009 1.2871234487417544 405.40500000000003 1.0000000180025095e-35 1.5000000000000002 481.24500000000006 2.0000000000000004 1.0000000180025095e-35 18.500000000000004 1 23072.955000000005 4882.0700000000006 5.905592542558975 7.8255924483101573 11817.675000000001 6.9997790543526301 10.260268668379242 2644.8100000000009 10.500000000000002 2.0000000000000004 1.5000000000000002 0.98495212038303703 14043.320000000002 1.9781729490170952 5692.0300000000016 20029.230000000003 1.0001736714136855
decision_type=1 2 2 2 2 2 2 2 2 2 2 2 1 2 2 2 2 2 2 2 2 2 2 2 2 2 2 2 2 2
left_child=2 -2 3 4 9 -6 -7 8 -8 -1 11 -5 13 14 18 23 17 -17 -12 20 -20 26 -23 24 -16 -26 -14 29 -29 -28
right_child=1 -3 -4 10 5 6 7 -9 -10 -11 12 -13 21 -15 15 16 -18 -19 19 -21 -22 22 -24 -25 25 -27 27 28 -30 -31
leaf_value=0.072385156255303604 -0.044561182794936836 0.0028933723379165254 0.0036916879983145343 -0.030585202857397638 -0.085860455510345018 -0.38109990787976522 2.2602000176057659 -0.093001200101332948 -0.050086694814943759 -0.040526642561633949 0.018435771356480904 -0.69497117479255155 0.006046972375627074 0.0027637234633980674 -0.0079415000172067644 -0.05041852988468918 -0.11745986415177208 -3.4699696107073414 2.1976855504559794 -0.050386645143134304 -0.050263442882982713 0.21197935269645349 0.0060382391548280453 -0.046257923095699767 0.1315652908905352 0.82811881635005935 -0.031549452844427221 0.045737878332387301 -0.040811496766261397 0.079388000699511643
leaf_weight=4.0964489392641825 256.39245025294144 366.41492886643391 1029.2661479827398 38.080709736128235 8.6801746009397309 2.063905037906808 0.021642407635226735 1.3216264691509279 0.043078058035462163 11.890850012685403 9.3884041686251258 0.077790157869478516 250.78892149023977 51.517252053232532 1.9358428880223066 0.070159352879270664 0.80412611248363963 0.05848697559647853 0.044487354170997473 0.11076396497082897 0.040866499912226573 2.015409502331285 4.0283164174179635 50.177391188284673 0.27271887962706376 0.1705117592937313 72.195168201856347 29.693146601797093 22.091885757548187 2.97599008004181
leaf_count=681 2615148 270189 302774 10781 4157 120 19 430 36 11673 2056 3 17337 3611 71 27 96 22 40 47 26 54 433 2001 35 23 3108 1047 2481 395
internal_value=-0.0050746 -0.0163794 -0.000551172 -0.0082949 -0.0637806 -0.132559 -0.250042 -0.0549316 0.722469 -0.0115951 -0.00538713 -0.0319396 -0.00335413 -0.0164918 -0.034834 -0.0459967 -0.322627 -1.60506 0.0274627 0.459592 1.12139 0.00097286 0.0747137 -0.0410871 0.0679722 0.399531 -0.000181201 -0.0124843 0.00881526 -0.0271575
internal_weight=2216.73 622.807 1593.92 564.656 28.1177 12.1304 3.45025 1.38635 0.0647205 15.9873 536.538 38.1585 498.38 114.591 63.0738 53.4892 0.932772 0.128646 9.58452 0.196118 0.0853539 383.789 6.04373 52.5565 2.37907 0.443231 377.745 126.956 51.785 75.1712
internal_count=3248921 2885337 363584 60810 17116 4762 605 485 55 12354 43694 10784 32910 8055 4444 2275 145 49 2169 113 66 24855 487 2130 129 58 24368 7031 3528 3503
cat_boundaries=0 1 2
cat_threshold=8 28856
is_linear=0
shrinkage=0.05


Tree=46
num_leaves=31
num_cat=2
split_feature=2 5 0 8 7 0 3 3 5 6 3 1 0 0 0 7 5 7 0 7 6 8 7 8 7 0 0 3 6 0
split_gain=41.7353 130.023 19.6292 21.8604 21.6635 33.712 14.1243 13.7624 13.2405 13.9091 13.0278 17.1762 24.3142 18.2521 24.5916 18.0867 31.4369 170.328 15.5156 14.3614 16.9268 31.8025 13.3563 15.2892 27.6521 76.9719 22.4476 51.6849 11.0545 14.1589
threshold=0 38.500000000000007 915.32500000000016 1.0000000180025095e-35 1.9998611303985561 405.40500000000003 1.0000000180025095e-35 19.500000000000004 3.5000000000000004 1.5000000000000002 10.500000000000002 1 36022.760000000002 75155.965000000011 5498406.8650000012 8.4558198757741927 11.500000000000002 7.2824992936457003 4882.0700000000006 22.18277207239489 2.5000000000000004 1.8376429681333832 2.2691757170595057 0.50393702330322965 5.3682268094477452 12330.730000000001 26560.385000000002 5.5000000000000009 3.5000000000000004 3192.2700000000004
decision_type=1 2 2 2 2 2 2 2 2 2 2 1 2 2 2 2 2 2 2 2 2 2 2 2 2 2 2 2 2 2
left_child=2 -2 3 4 -1 -6 -4 10 9 -5 22 13 -13 15 -15 16 -12 -18 19 -17 21 -21 28 24 -24 -26 -27 -28 29 -8
right_child=1 -3 6 8 5 -7 7 -9 -10 -11 11 12 -14 14 -16 18 17 -19 -20 20 -22 -23 23 -25 25 26 27 -29 -30 -31
leaf_value=-0.010032351484588243 -0.044253027555158544 0.0027405789434204585 -0.02042857357696648 -0.022476018769157204 0.033758236053312893 -0.2831863004123043 0.029547979810213915 -0.0098014897696838237 -0.039282199049244071 0.011502475236326561 0.013125750635042635 -0.032598324584630904 0.010500718149610899 -0.056186193770125847 0.051354046893441287 -0.013154094248611546 1.7489511900714096 -0.045814945642239147 0.074369236458372137 -0.051003744867279481 -0.050165691605255018 1.0828439905221241 -0.024604659359913902 -0.0073799272700954951 -0.071214712667946656 -1.1343661283713773 -0.059141953771268907 -1.1313014368081808 -0.010311396183019768 0.0030941244879446749
leaf_weight=3.4341646309772473 245.54403335865368 367.47342272446258 70.873626088996389 58.468055583580181 1.2293725716904211 2.6421212973073125 66.477449607832 195.7219472367301 36.672288063744915 62.116013803137321 412.64427989524302 53.903076447698993 83.28569589771763 19.04875356677724 7.3738219616934648 9.5785900493792759 0.1667215583321412 0.63830127991968766 23.329950498543091 0.11606717389077026 0.21853093820391223 0.13237577269319445 14.105576591510784 163.20041666487577 2.9713238340971513 0.18618867840703801 0.2826486303701804 0.18662093443755945 95.327451664524745 211.5328944264831
leaf_count=4918 2615148 270189 19769 31184 797 266 7094 34894 68518 38121 37650 11244 13652 7746 918 3229 39 67 3524 10 96 33 573 49948 91 20 41 53 13540 15549
internal_value=-0.004859 -0.0158246 -0.000544237 -0.0169017 -0.101451 -0.182542 0.00133263 0.00246632 -0.0129738 -0.00497281 0.00452785 0.00956678 -0.00599632 0.0139111 -0.0261746 0.0165929 0.0137347 0.325884 0.051999 4.59922e-05 0.270807 0.553135 -0.00102169 -0.0121709 -0.056265 -0.179401 -0.669832 -0.485522 0.00438162 0.00941973
internal_weight=2208.88 613.017 1595.86 164.562 7.30566 3.87149 1431.3 1360.43 157.256 120.584 1164.71 610.436 137.189 473.247 26.4226 446.825 413.449 0.805023 33.3755 10.0456 0.466974 0.248443 554.271 180.933 17.7324 3.62678 0.655458 0.46927 373.338 278.01
internal_count=3248921 2885337 363584 143804 5981 1063 219780 200011 137823 69305 165117 78208 24896 53312 8664 44648 37756 106 6892 3368 139 43 86909 50726 778 205 114 94 36183 22643
cat_boundaries=0 1 2
cat_threshold=8 11533
is_linear=0
shrinkage=0.05


Tree=47
num_leaves=31
num_cat=1
split_feature=2 5 8 0 7 4 7 5 5 7 4 7 4 0 8 7 0 0 6 3 6 3 5 8 8 8 0 0 4 8
split_gain=38.4554 126.012 21.8939 33.8832 36.8807 24.538 51.5157 80.8924 18.9205 19.145 14.6148 12.1042 17.2176 14.4814 13.9884 40.4322 21.7243 13.6341 15.3179 16.3814 16.1388 13.2616 13.1069 12.8708 28.9514 15.7595 55.4633 45.93 92.9034 149.977
threshold=0 38.500000000000007 1.2256623183746658 587.15500000000009 2.6942035799279753 2.0000000000000004 2.3685708957957341 1.0000000180025095e-35 4.5000000000000009 4.0002778163633845 5.5000000000000009 1.0882297762323672 3.5000000000000004 192.94500000000002 4.5133973812888719 1.9998611303985561 25295.340000000004 2486.9150000000004 1.5000000000000002 3.5000000000000004 9.5000000000000018 11.500000000000002 1.5000000000000002 2.1800915278881265 2.1957609618990834 2.6415325083471592 186.71500000000003 2.9150000000000005 4.5000000000000009 2.4768904159669272
decision_type=1 2 2 2 2 2 2 2 2 2 2 2 2 2 2 2 2 2 2 2 2 2 2 2 2 2 2 2 2 2
left_child=2 -2 3 4 5 6 -1 -8 -6 -10 -11 13 14 23 17 16 21 -13 -19 20 -20 -16 -15 -4 -25 26 27 28 -26 -30
right_child=1 -3 11 -5 8 -7 7 -9 9 10 -12 12 -14 22 15 -17 -18 18 19 -21 -22 -23 -24 24 25 -27 -28 -29 29 -31
leaf_value=0.053394070168786958 -0.046388311062446445 0.0020965052292804031 -0.0037697510524495603 -0.0051767930995915467 -0.17192664994021761 -0.044643460367095891 3.4736083470254906 -0.050094607299139587 0.8806788491842007 -0.049270206662156021 -0.32285585222448621 -0.024126453059127227 0.0070518840066926009 0.0076723318483814893 -0.08604303686350176 -0.014472306393526339 0.11159515488292471 -0.020249194645567421 -0.035842850674995819 0.020900242429654763 0.78859905553562548 -0.22103953806564081 0.10390994685973168 1.7198717176876226 0.37077578595080524 0.082266862454594941 1.9457795646309017 -0.050702074908426487 -0.050033665307383304 7.3506605950118491
leaf_weight=6.5283804280862965 213.34136143392948 360.39141886361176 3.2245823357665113 535.04590473566964 7.3024740154877064 18.722624276426359 0.028374815738061332 0.038233610535371554 0.053637118171763087 7.4828023506641106 0.52220750190463139 65.101821107804341 304.41177276241137 454.64807338868059 3.2248078097674249 44.009721710836075 0.80313893506234979 49.59438390950163 16.518176592486274 97.060967837554927 0.059573760605416193 4.1738898090698058 3.56569421390759 0.028245699853869044 0.11877358480705869 4.5280855364107993 0.050099345855414867 0.42730783170554787 0.013875523232854903 0.013512251403881237
leaf_count=2212 2529861 262357 5055 43892 2992 30841 17 52 26 3897 13 89347 141468 51091 157 32965 75 12122 6768 26040 9 203 71 21 223 6763 12 318 26 27
internal_value=-0.00465822 -0.0156595 -0.000679116 -0.00852138 -0.0525126 -0.0154287 0.0675095 1.45098 -0.113633 -0.0608092 -0.0671176 0.00360797 -0.00118314 0.00961416 -0.0101187 -0.033467 -0.135389 -0.00477984 0.00293612 0.0130547 -0.0328801 -0.1622 0.00842123 0.074653 0.123473 0.11472 0.350378 0.211001 0.9761 3.60123
internal_weight=2201.03 573.733 1627.3 575.725 40.6787 25.3176 6.59499 0.0666084 15.3611 8.05865 8.00501 1051.58 584.958 466.618 280.546 52.2116 8.20184 228.335 163.233 113.639 16.5778 7.3987 458.214 8.40448 5.1799 5.15165 0.623569 0.573469 0.146161 0.0273878
internal_count=3248921 2792218 456703 83942 40050 33122 2281 69 6928 3936 3910 372761 309154 63607 167686 33400 435 134286 44939 32817 6777 360 51162 12445 7390 7369 606 594 276 53
cat_boundaries=0 1
cat_threshold=72
is_linear=0
shrinkage=0.05


Tree=48
num_leaves=31
num_cat=2
split_feature=2 5 0 8 7 0 3 3 5 6 3 1 0 0 0 7 0 7 8 7 0 0 3 5 7 6 8 0 6 7
split_gain=39.3659 127.508 17.165 16.2714 14.1241 21.4118 12.6359 12.3127 12.0547 12.2688 11.4923 14.9783 21.9259 16.4617 22.7669 14.849 12.8136 12.0251 14.4769 28.8508 129.132 104.47 164.93 11.1346 49.4394 10.1876 13.867 28.4285 14.958 20.8961
threshold=0 38.500000000000007 915.32500000000016 1.0000000180025095e-35 1.9998611303985561 405.40500000000003 1.0000000180025095e-35 19.500000000000004 3.5000000000000004 1.5000000000000002 10.500000000000002 1 36022.760000000002 75155.965000000011 5498406.8650000012 8.4558198757741927 3989.7100000000005 2.2691757170595057 0.50393702330322965 5.3682268094477452 12330.730000000001 26560.385000000002 5.5000000000000009 11.500000000000002 5.7901981115285421 3.5000000000000004 6.0730474281531555 81745111.805000022 9.5000000000000018 1.8834596152254373
decision_type=1 2 2 2 2 2 2 2 2 2 2 1 2 2 2 2 2 2 2 2 2 2 2 2 2 2 2 2 2 2
left_child=2 -2 3 4 -1 -6 -4 10 9 -5 17 12 -12 15 -15 23 -17 25 19 -19 -21 -22 -23 -13 -25 -8 -27 28 29 -28
right_child=1 -3 6 8 5 -7 7 -9 -10 -11 11 13 -14 14 -16 16 -18 18 -20 20 21 22 -24 24 -26 26 27 -29 -30 -31
leaf_value=-0.0088584675204219469 -0.044793858364179359 0.0025085334152090814 -0.019622398521076084 -0.021527196987477341 0.038239957773175598 -0.21044893122477448 0.0088478717483064708 -0.009400075209815997 -0.038089935439292351 0.010343931176654025 -0.031364436855769701 0.012249483598527594 0.0097406506804416856 -0.05606110807038292 0.046682942914115483 -0.0049914549639849398 0.064278977210879482 -0.023556085378104399 -0.0070617932218086628 -0.068896949362556428 -2.6826529083352284 -0.058580184421634124 -2.7017566612068551 0.56386618919828468 -0.046316084490918258 -0.019934583191258969 0.049232841921753645 0.80610374602613755 -0.011001937354047172 0.3183447424733738
leaf_weight=3.3550066734170247 232.01134310889574 369.13084522995632 69.376404892353094 57.752250062590974 1.1764888765246411 3.2746102801938832 280.45024894815606 194.49024306170713 35.246877363641431 63.283910268633917 52.77961249107706 417.77156052430092 84.191541573070211 18.21281128383561 7.6592117421969297 8.9649557592638569 26.147025790743925 13.849897380334605 162.33571179939077 2.9082840238827314 0.076066575863322106 0.27018567282014444 0.075513322139507288 0.48622170845686596 1.0463754280935971 75.146842572004857 6.5837375019164162 0.11637621023692091 12.498235168830595 0.81009746450581577
leaf_count=4918 2615148 270189 19769 31184 797 266 22643 34894 68518 38121 11244 37650 13652 7746 918 3035 3857 573 49948 91 20 41 53 17 89 7541 887 11 4945 156
internal_value=-0.0047042 -0.0154902 -0.000552357 -0.0158759 -0.086326 -0.144717 0.00119449 0.00225106 -0.012357 -0.00486334 0.00418391 0.00887851 -0.00568358 0.0128815 -0.0256445 0.0153585 0.0465925 -0.00103619 -0.0116809 -0.0553277 -0.187468 -1.00508 -0.635947 0.012743 0.147266 0.00405132 -0.0100855 0.0269053 0.0223467 0.0787178
internal_weight=2201.48 601.142 1600.34 164.089 7.80611 4.4511 1436.25 1366.87 156.283 121.036 1172.38 617.259 136.971 480.288 25.872 454.416 35.112 555.121 179.516 17.1799 3.33005 0.421766 0.345699 419.304 1.5326 375.606 95.1553 20.0084 19.8921 7.39383
internal_count=3248921 2885337 363584 143804 5981 1063 219780 200011 137823 69305 165117 78208 24896 53312 8664 44648 6892 86909 50726 778 205 114 94 37756 106 36183 13540 5999 5988 1043
cat_boundaries=0 1 2
cat_threshold=8 21232
is_linear=0
shrinkage=0.05


Tree=49
num_leaves=31
num_cat=2
split_feature=2 5 0 6 5 1 0 8 8 3 7 0 5 7 5 0 8 0 3 0 0 0 4 5 7 7 3 0 0 4
split_gain=36.2234 121.813 16.5581 16.375 14.3676 14.1092 19.6613 22.5617 42.0391 189.177 757.579 13.9448 13.683 23.365 60.1995 13.7346 15.3937 22.5618 35.4799 13.0098 12.5421 16.8395 23.0077 13.2628 17.4348 54.3713 11.6769 11.5373 20.4716 11.0049
threshold=0 38.500000000000007 133.35500000000005 1.0000000180025095e-35 2.5000000000000004 1 24133.905000000002 4.5398285912523937 5.8068064003658266 16.500000000000004 5.0500369492272297 1841.4900000000002 4.5000000000000009 5.523336485950515 9.5000000000000018 28286430.305000003 0.50393702330322965 64595.375000000007 12.500000000000002 81745111.805000022 944.80500000000006 1231.3500000000001 4.5000000000000009 2.5000000000000004 3.438454061139085 4.8195325778130185 18.500000000000004 1079.3650000000002 1116.6950000000004 3.5000000000000004
decision_type=1 2 2 2 2 1 2 2 2 2 2 2 2 2 2 2 2 2 2 2 2 2 2 2 2 2 2 2 2 2
left_child=2 -2 -1 5 -5 6 7 -4 9 10 -9 -6 20 14 -14 16 17 -15 -19 -17 -7 22 23 -22 -25 -26 27 -24 -29 -8
right_child=1 -3 3 4 11 12 29 8 -10 -11 -12 -13 13 15 -16 19 -18 18 -20 -21 21 -23 26 24 25 -27 -28 28 -30 -31
leaf_value=-0.046853038977327267 -0.044445352924524506 0.0023769989591925157 -0.04235234117653764 0.0073653083482584092 -0.029345469660879871 -0.034527307406996756 0.022134602560544461 -16.895465324719613 -0.09118241500198751 -0.051864021658653031 -0.050038463919006182 -0.0006771744363811916 0.05885434139970374 -0.041209489339093894 0.58942551187882208 -0.050654922611061609 0.018482659978054702 -1.0101778709058509 -0.088390099992011334 0.717695179497707 -0.015032872535946191 -0.0044556018278169972 0.075985791977433811 -0.050947764105200924 2.158491763247655 -0.050104151991088003 -0.050684836288528448 0.57553187847358189 0.18647594297177572 -0.019993852496350505
leaf_weight=19.074837880989207 222.38339986081746 370.05507745750947 53.750422634290608 746.75203159371404 51.354366383463287 33.808633089768762 24.0034639689584 0.0089007344555004364 0.35806656285421923 0.10630166957344045 0.026681751674914267 243.75686094653946 11.323714896506395 7.0559132472594204 0.56111162010518789 0.095913070763343877 24.051801314919416 0.15778555183161636 0.30847935235306068 0.12944714231161925 5.4178162668434684 331.20937526947353 1.1498443275049801 0.1236249013673677 0.045277573975909036 0.072464609576854855 0.54303668535430905 0.44016879845003121 1.4583751626923911 43.765125066672695
leaf_count=68856 2615148 270189 4888 113008 48600 11188 3522 22 21 40 57 81836 508 402 14 27 3683 59 64 23 1055 23561 94 22 34 44 111 29 96 1720
internal_value=-0.00450422 -0.0149464 -0.00054319 1.18113e-05 0.00367416 -0.00705461 -0.0212853 -0.0454621 -0.379797 -1.10816 -4.26382 -0.00566594 -0.00233491 0.0240898 0.0839039 0.00173456 -0.0010416 -0.0634695 -0.400326 0.390686 -0.00548154 -0.00259722 0.0639404 0.00112326 0.36377 0.799208 0.162925 0.200977 0.276677 -0.00507206
internal_weight=2193.35 592.438 1600.91 1581.84 1041.86 539.972 122.019 54.2504 0.499951 0.141884 0.0355825 295.111 417.953 43.6842 11.8848 31.7993 31.574 7.52218 0.466265 0.22536 374.269 340.46 9.25061 5.65918 0.241367 0.117742 3.59142 3.04839 1.89854 67.7686
internal_count=3248921 2885337 363584 294728 243444 51284 10270 5028 140 119 79 130436 41014 4780 522 4258 4208 525 123 50 36234 25046 1485 1155 100 78 330 219 125 5242
cat_boundaries=0 1 2
cat_threshold=8 8440
is_linear=0
shrinkage=0.05


Tree=50
num_leaves=31
num_cat=2
split_feature=2 5 8 0 7 4 3 7 3 3 4 3 6 3 4 7 1 0 4 0 0 0 0 5 8 7 0 4 4 0
split_gain=33.5993 116.28 15.7234 24.5168 24.5841 13.0932 12.4787 25.2532 13.6437 11.3451 16.9025 19.7131 10.3437 9.70006 9.77871 17.6155 15.6951 22.4253 45.9051 12.9913 12.8732 14.8923 13.5542 11.8718 31.6976 11.2973 11.2944 10.5865 38.3881 19.8063
threshold=0 38.500000000000007 1.2256623183746658 587.15500000000009 1.1743461650646403 2.0000000000000004 2.5000000000000004 0.29696876285471357 1.5000000000000002 14.500000000000002 1.0000000180025095e-35 20.500000000000004 31.500000000000004 1.0000000180025095e-35 4.5000000000000009 1.6352133287418684 1 856.42000000000007 2.0000000000000004 915.32500000000016 9996.720000000003 4402.7300000000005 10857.855000000001 8.5000000000000018 0.60978216429847165 0.55304849285656765 21033.540000000005 2.0000000000000004 3.5000000000000004 4722.2800000000007
decision_type=1 2 2 2 2 2 2 2 2 2 2 2 2 2 2 2 1 2 2 2 2 2 2 2 2 2 2 2 2 2
left_child=2 -2 3 4 5 6 7 -1 -9 -8 11 -11 -4 -5 16 19 17 18 -15 -16 21 -18 -22 -19 -25 27 -21 -23 -29 -30
right_child=1 -3 12 13 -6 -7 9 8 -10 10 -12 -13 -14 14 15 -17 20 23 -20 26 22 25 -24 24 -26 -27 -28 28 29 -31
leaf_value=1.0805984193155032 -0.044083188836949949 0.0022526629399415806 0.0038098861759384671 -0.029977039688580356 -0.099158632360525745 -0.036697114187841065 -0.029932517496256979 -0.050147277241601118 0.80046955923081375 0.54041663691180086 0.0053848254352320459 -0.050494355746263424 -0.035188786865186575 1.6467944214485646 -0.057098444335559752 -0.029344788766518193 0.011278229726789987 -0.029735929559314846 0.11851225029032622 0.021978313169052355 0.096931583752453435 -0.042188838594833869 0.017725486162393271 0.71384229429286905 0.0070434969309810212 0.0085991051191673089 -0.013468622043585149 -0.0086858476914471808 -0.050396698247905436 0.82189364372329465
leaf_weight=0.088436096615292281 213.23217183159727 370.93296622816706 1023.0129535454566 35.667066469848976 14.150377666294494 10.473499760089906 2.2904228799452544 0.23832495755050331 0.058765438036061823 0.42289999290369429 0.88868351746350527 0.21183998350170441 17.29000951872149 0.058929814957088378 8.5638165677227658 82.198467694211217 101.53852323861258 52.447971925049011 0.29562941228505224 54.159049504785798 5.7519313739668396 37.996904866537079 88.60350692937763 0.19601790880567083 0.83155709941638634 22.786319379439107 38.409309876617044 2.3990676163812164 0.09087519347667683 0.22922393120825291
leaf_count=33 2615148 270189 297485 10784 4821 11665 262 128 13 54 103 37 5289 28 187 897 11117 4496 274 2617 230 426 9420 40 137 1577 817 551 15 81
internal_value=-0.00426802 -0.0144141 -0.000473802 -0.00722329 -0.0521369 -0.00678953 0.0678019 0.338894 0.118107 0.0403983 0.146139 0.343204 0.00316172 -0.00479094 -0.00298186 -0.0121533 0.00238617 -0.0200803 0.372522 0.00181963 0.00753216 -0.00059954 0.0225539 -0.0264384 0.141871 -0.0195918 0.00727035 -0.0353685 0.0599375 0.574253
internal_weight=2185.52 584.165 1601.35 561.047 28.8233 14.6729 4.19937 0.385526 0.29709 3.81385 1.52342 0.63474 1040.3 532.224 496.557 183.331 313.226 53.8301 0.354559 101.132 259.396 165.041 94.3554 53.4755 1.02758 63.5024 92.5684 40.7161 2.71917 0.320099
internal_count=3248921 2885337 363584 60810 17116 12295 630 174 141 456 194 91 302774 43694 32910 4518 28392 4975 302 3621 23417 13767 9650 4673 177 2650 3434 1073 647 96
cat_boundaries=0 1 2
cat_threshold=8 29832
is_linear=0
shrinkage=0.05


Tree=51
num_leaves=31
num_cat=2
split_feature=2 5 0 6 1 3 7 5 0 0 0 7 5 7 5 8 0 4 8 3 8 5 0 3 3 5 5 5 3 0
split_gain=30.8731 110.913 15.178 13.4362 13.0703 18.2384 13.1333 12.8643 12.8215 11.1124 23.7265 23.1601 12.4138 15.631 27.9303 20.6085 14.9986 16.6861 13.5445 11.8253 11.3854 19.0309 16.0313 68.87 16.4635 51.275 26.1481 30.5717 11.2536 10.3173
threshold=0 38.500000000000007 133.35500000000005 1.0000000180025095e-35 1 18.500000000000004 17.645857526128221 2.5000000000000004 1841.4900000000002 5075.795000000001 884.35500000000013 1.6819155219737423 1.0000000180025095e-35 4.6831081412873923 4.5000000000000009 0.50393702330322965 18337.265000000003 4.5000000000000009 1.0000000180025095e-35 12.500000000000002 1.0001736714136855 2.5000000000000004 976.7650000000001 19.500000000000004 6.5000000000000009 3.5000000000000004 7.5000000000000009 9.5000000000000018 13.500000000000002 6380.7800000000016
decision_type=1 2 2 2 1 2 2 2 2 2 2 2 2 2 2 2 2 2 2 2 2 2 2 2 2 2 2 2 2 2
left_child=2 -2 -1 4 5 6 -4 -5 -9 10 -6 -12 16 14 -14 18 -11 28 -15 -16 -13 -22 23 -23 25 -24 -27 -28 -18 -17
right_child=1 -3 3 7 9 -7 -8 8 -10 12 11 20 13 15 19 29 17 -19 -20 -21 21 22 24 -25 -26 26 27 -29 -30 -31
leaf_value=-0.045645544762549381 -0.043707274888197006 0.0021351038076622502 0.011496267967353049 0.0068118068607674487 -0.044902215144052619 -0.028709701011099539 0.15441154965547871 -0.028585424749953049 -0.0007944564549069845 -0.037878895732973324 0.032806686547861418 -0.031653541314891141 0.0056015156048869049 -0.059447144727082991 0.086053263851161632 0.12343444679640828 0.058098098500802199 -0.0229768821593343 -0.22564037049857388 0.26919216825684689 -0.027425679391862263 -0.050126252465273052 1.2772656167112482 2.3064425209967747 0.044726085170743245 -0.052945034510703176 -0.05027306550864287 1.5313052174343187 -0.020882925615666095 -0.016660315283540946
leaf_weight=18.381155415432659 204.53368900902456 371.76686080527725 137.26431912890195 753.5369459395431 23.65113405664799 31.983262178357933 1.6265745533746656 49.99334041906701 244.3486711610189 99.825031297393053 54.792018191376521 32.324944336964315 37.314607126853488 3.5860382718715949 2.8500657413448791 1.3978718547514315 13.104046034415664 51.086601790166355 1.8627839415163068 1.2760969669569822 8.6285523778296032 0.1151288859255154 0.11298319231718768 0.042429421126144007 5.5302216324635083 0.47335197805659845 0.05912692763376981 0.063229642430087551 6.8769734941706675 21.957146823982669
leaf_count=68856 2615148 270189 13341 113008 8448 3484 112 48600 81836 3034 5909 1035 3572 320 34 176 3625 1091 33 39 1958 65 30 19 1085 87 18 25 1164 2580
internal_value=-0.00408292 -0.0138936 -0.000468635 5.2098e-05 -0.00637245 0.00503643 0.01317 0.00334938 -0.00551469 -0.011509 0.000224558 0.0106737 -0.0181073 -0.000412492 0.0192514 -0.0287033 -0.0253806 -0.00782497 -0.116263 0.142693 -0.0149379 0.0210243 0.0863811 0.584482 0.073802 0.300694 0.115476 0.767032 0.0309148 -0.0082752
internal_weight=2180.37 576.301 1604.06 1585.68 537.805 170.874 138.891 1047.88 294.342 366.93 125.793 102.142 241.137 70.2446 41.4408 28.8038 170.893 71.0676 5.44882 4.12616 47.35 15.025 6.39647 0.157558 6.23891 0.708692 0.595709 0.122357 19.981 23.355
internal_count=3248921 2885337 363584 294728 51284 16937 13453 243444 130436 34347 18679 10231 15668 6754 3645 3109 8914 5880 353 73 4322 3287 1329 84 1245 160 130 43 4789 2756
cat_boundaries=0 1 2
cat_threshold=8 6660
is_linear=0
shrinkage=0.05


Tree=52
num_leaves=31
num_cat=1
split_feature=2 5 0 8 0 4 3 6 8 8 0 0 7 3 4 3 8 3 8 0 8 0 0 8 6 8 0 7 5 6
split_gain=28.315 105.709 14.223 12.4351 12.6156 23.6998 12.7143 9.66813 9.4655 12.7941 10.3195 14.7742 9.43106 12.26 12.781 9.19204 8.74361 9.137 10.1872 9.53892 12.4645 8.65182 40.8567 101.52 20.9987 23.3785 87.8902 28.6615 20.3007 13.9669
threshold=0 38.500000000000007 133.35500000000005 1.2256623183746658 587.15500000000009 2.0000000000000004 4.5000000000000009 31.500000000000004 0.79844752463558522 0.70757324755605078 449.89500000000004 327.24500000000006 1.2871234487417544 22.500000000000004 4.5000000000000009 1.0000000180025095e-35 1.3889797961300865 2.5000000000000004 4.4064357164640198 58.005000000000003 2.7581603559432293 7234.7450000000008 4722.2800000000007 4.5133973812888719 4.5000000000000009 5.8068064003658266 5916.295000000001 1922.5249931374026 4579.5000000000009 2.5000000000000004
decision_type=1 2 2 2 2 2 2 2 2 2 2 2 2 2 2 2 2 2 2 2 2 2 2 2 2 2 2 2 2 2
left_child=2 -2 -1 4 5 6 8 -5 9 10 11 -4 -7 -14 -15 -6 -3 18 -18 20 -19 22 -20 -24 -25 26 -26 -27 -28 -23
right_child=1 16 3 7 15 12 -8 -9 -10 -11 -12 -13 13 14 -16 -17 17 19 21 -21 -22 29 23 24 25 27 28 -29 -30 -31
leaf_value=-0.045016129933644684 -0.043317545421133835 0.022135921474771652 0.16255487534904081 0.0038898593746895787 -0.029210772635052559 -0.030281319760531139 0.015773167251610373 -0.034397615156388305 -0.050585921381954772 0.78490449363890058 -0.054138454480088333 0.86698091810676026 -0.1083630702052161 -0.050483237205369541 1.0871947235913202 -0.0026872171805750692 0.0059868757127452083 0.07000026416027734 0.060836258861780283 -0.0070639008919562212 -0.0010622926471898441 0.37479498758458862 3.389309111347111 -0.050069419120208264 -0.050069419120207806 1.6696198461134455 1.6696198461134455 -0.05006941912020816 3.5612780378704572 -0.02261713894544002
leaf_weight=17.723053040194372 196.2652103364012 47.194877159083262 0.23466363563726833 1016.1073172404267 34.964009354112193 8.4056104633491504 4.3125680610439856 16.760002769267885 0.23833568173722597 0.11966595612466335 0.21743609487020876 0.10901225102134049 9.6093341724626917 0.056424416994560356 0.043889176718948875 496.87735628877925 30.326873891637661 9.5779992893221806 6.7625478403642756 256.94379177340306 17.345919080195017 0.23536920663900707 0.029075019643641897 0.19798703852575272 0.07061076199170202 0.029075019643642008 0.029075019643642008 0.14537509821821004 0.027690494898706675 3.642684603924863
leaf_count=68856 2615148 33238 82 236797 10784 6297 587 5215 61 19 23 25 1875 48 5 32910 22144 7345 4964 185622 13693 170 21 143 51 21 21 105 20 2631
internal_value=-0.00391163 -0.0133852 -0.000469458 2.47368e-05 -0.00601008 -0.0419834 0.0517574 0.00326858 0.220599 0.315539 0.215439 0.385995 -0.0690557 -0.102623 0.447273 -0.00443091 0.00202392 -0.000893372 0.0210216 -0.00409694 0.0242177 0.061843 0.0939358 0.517158 0.35008 0.612563 1.12754 0.236545 2.59238 0.00150284
internal_weight=2174.6 568.824 1605.78 1588.06 555.188 23.3469 5.23168 1032.87 0.919114 0.680778 0.561112 0.343676 18.1153 9.70965 0.100314 531.841 372.559 325.364 41.4964 283.868 26.9239 11.1695 7.29144 0.528888 0.499813 0.301826 0.127376 0.17445 0.0567655 3.87805
internal_count=3248921 2885337 363584 294728 52716 9022 797 242012 210 149 130 107 8225 1928 53 43694 270189 236951 30291 206660 21038 8147 5346 382 361 218 92 126 41 2801
cat_boundaries=0 1
cat_threshold=8
is_linear=0
shrinkage=0.05


Tree=53
num_leaves=31
num_cat=2
split_feature=2 5 0 8 0 7 8 0 8 5 7 3 5 3 5 5 4 7 6 4 6 3 6 7 6 7 1 5 6 8
split_gain=26.5587 99.7428 13.3625 11.7453 14.5835 12.9573 27.2139 39.166 361.668 14.7493 10.5953 10.0323 19.4641 8.83738 10.653 12.0459 19.2059 31.5535 8.40359 540.485 8.38561 8.79621 10.3523 30.3644 31.3198 8.22571 15.7245 14.4792 14.633 14.2848
threshold=0 38.500000000000007 118.21000000000002 0.60978216429847165 650.84000000000003 4.8682227334250152 0.50393702330322965 12330.730000000001 1.0000000180025095e-35 5.5000000000000009 4.3970925070842783 2.5000000000000004 4.5000000000000009 9.5000000000000018 7.5000000000000009 9.5000000000000018 3.5000000000000004 10.953851851228402 19.500000000000004 1.0000000180025095e-35 31.500000000000004 5.5000000000000009 25.500000000000004 1.0000000180025095e-35 27.500000000000004 1.3969119194388828 1 1.5000000000000002 1.5000000000000002 2.9081493952702231
decision_type=1 2 2 2 2 2 2 2 2 2 2 2 2 2 2 2 2 2 2 2 2 2 2 2 2 2 1 2 2 2
left_child=2 18 -1 4 11 9 7 13 -9 -6 -11 12 -4 -7 -15 -16 17 -17 -2 -20 21 22 -5 24 -24 -23 29 28 -28 -27
right_child=1 -3 3 20 5 6 -8 8 -10 10 -12 -13 -14 14 15 16 -18 -19 19 -21 -22 25 23 -25 -26 26 27 -29 -30 -31
leaf_value=-0.046633068215002252 -0.043175165561010379 0.0016789419501702049 0.047674495250346324 -0.0058366368841496702 -0.0052100076695178639 -0.092052489049994343 0.048073515685456619 -0.041990063245050627 -1.6010847995932189 0.033769670994807169 0.19332630537452075 -0.069350993383716864 1.1519110590844226 -0.047320463099462237 0.024915710142825329 1.1935968697109336 0.053928199382402398 -0.050522940951835751 27.408216145066248 -0.050009483473408167 -0.033693222059233655 0.0089913899519971242 1.6982510954414434 0.015696625764835839 0.30834631771618043 0.070176706925425533 -0.031156366591405291 0.0022627427672547826 0.0057831328423683347 0.0099905671586879435
leaf_weight=15.514223903768878 188.2899725294717 374.96549112157663 0.9963576798413516 288.86376631846611 230.81310741927447 4.183726686300731 5.7114952530537257 3.1952076253408932 0.42097505991574546 3.4189249304241862 1.4956095597992867 13.642840053898878 0.041572135537919053 4.4780397748545502 2.0820954350045096 0.1201206890999738 0.3329780527565227 0.088520827761386325 0.0018209482659575773 0.11338710440031718 16.304173572949367 517.92059150158798 0.057196374633348479 0.75929376250132918 0.13910570001462474 15.551298524631418 76.040777850612869 335.88091720614221 41.409406305415814 26.932465460381678
leaf_count=65027 2613730 270189 1117 69999 19137 139 120 404 37 44 24 2663 21 122 41 18 14 32 25 1393 5228 51843 27 312 42 2271 13960 118329 7773 4840
internal_value=-0.00377256 -0.0130032 -0.000451556 -4.03347e-06 -0.00948485 -0.0067092 -0.0447239 -0.0802912 -0.223491 -0.00338501 0.0823265 -0.0579504 0.0919024 -0.034406 -0.000445774 0.0795579 0.289613 0.665751 -0.042914 0.383988 0.00194277 0.00238849 -0.00529312 0.159005 0.713322 0.0045846 -1.86695e-05 -0.00295613 -0.0181326 0.0259206
internal_weight=2169.77 563.371 1606.39 1590.88 271.022 256.341 20.6132 14.9017 3.61618 235.728 4.91453 14.6808 1.03793 11.2855 7.10175 2.62372 0.54162 0.208642 188.405 0.115208 1319.86 1303.55 289.819 0.955596 0.196302 1013.74 495.815 453.331 117.45 42.4838
internal_count=3248921 2885337 363584 298557 23933 20132 927 807 441 19205 68 3801 1138 366 227 105 64 50 2615148 1418 274624 269396 70380 381 69 199016 147173 140062 21733 7111
cat_boundaries=0 1 2
cat_threshold=8 8200
is_linear=0
shrinkage=0.05


Tree=54
num_leaves=31
num_cat=2
split_feature=6 5 7 4 4 7 0 6 3 0 8 2 5 0 8 0 7 8 6 4 5 3 0 7 1 0 4 0 3 0
split_gain=41.7223 396.587 655.23 1077.19 60.0076 187.553 78.9122 97.136 181.135 102.703 112.647 26.193 96.0511 24.256 13.3297 18.814 20.0974 12.3414 12.0827 10.6438 9.98953 26.6401 9.67681 8.73804 15.6344 23.3999 19.3948 18.8884 49.7341 72.9126
threshold=18.500000000000004 3.5000000000000004 3.9997584832749671 3.5000000000000004 1.0000000180025095e-35 1.4462325745374867 6380.7800000000016 23.500000000000004 22.500000000000004 75155.965000000011 7.5842934566967415 0 38.500000000000007 108.78500000000001 1.2256623183746658 587.15500000000009 1.0000694540908461 5.3919759028726899 33.500000000000007 2.0000000000000004 1.0000000180025095e-35 15.500000000000002 81745111.805000022 1.0882297762323672 1 26560.385000000002 4.5000000000000009 748.57500000000016 22.500000000000004 721.98500000000013
decision_type=2 2 2 2 2 2 2 2 2 2 2 1 2 2 2 2 2 2 2 2 2 2 2 2 1 2 2 2 2 2
left_child=11 4 -3 -4 5 6 13 17 9 10 -9 14 -13 -2 15 16 19 -8 -12 20 -1 -22 -6 -16 26 -26 -25 28 29 -28
right_child=1 2 3 -5 22 -7 7 8 -10 -11 18 12 -14 -15 23 -17 -18 -19 -20 -21 21 -23 -24 24 25 -27 27 -29 -30 -31
leaf_value=0.041071148684885761 -1.3008990851395399 -0.052083881527885817 -17.808306729988853 -0.050055080471608483 -0.024384253412755581 -2.1898424462725474 -0.050194890235095393 -3.335586546454389 -3.2460139659853136 -0.050186085039023831 -1.1825714305202628 -0.042765679473672664 0.0015928238128634698 -0.063320484341536198 0.008504544326000776 -0.0041233021964087587 -0.08771538091221863 0.74685203858518612 -0.050127371602986075 -0.033912658568055892 -0.050408171972605033 1.0422963862672876 0.24830856306261384 0.0089085137740491545 0.0018324290843272457 -0.024126253713334531 0.18566880327142413 0.064352263203641527 3.1762923349851864 4.1560350497401002
leaf_weight=4.4605837346173791 0.039983024605269146 0.056229988513222362 0.016893565605016647 0.01726860703638522 23.907510060438657 0.11693397504042469 0.21508468598423736 0.060875029310096807 0.078227618575596125 0.27516964077949524 0.044153087041394201 180.77270420908872 375.58923651446821 4.0536925378627302 455.34600951866537 529.47934792206433 14.286151226966192 0.06273140786694853 0.050487872562371194 9.7046585305870376 0.14296194189228106 0.091465991921722889 0.32981873075914236 48.805451671582162 389.27429363921442 111.73144014261879 0.42420663885523424 14.227579538123978 0.015497160449740477 0.011887321306858212
leaf_count=507 21 11 27 46 9885 17 67 32 25 80 19 2613682 270186 1346 48606 43694 4962 26 26 11595 42 10 17 13934 175463 51955 862 1747 21 10
internal_value=-0.00419134 -0.0634254 -3.37019 -8.8317 -0.053201 -0.210961 -0.163547 -0.622173 -1.03266 -0.630642 -1.6577 -0.0033775 -0.0125937 -0.0754079 -4.79738e-05 -0.00625997 -0.0456984 0.12978 -0.578449 -0.00401268 0.057791 0.375929 -0.0206735 0.00335144 -0.000805316 -0.0038793 0.0207901 0.074457 0.39281 0.293896
internal_weight=2163.69 29.3251 0.0903922 0.0341622 29.2347 4.99734 4.8804 0.786729 0.508913 0.430686 0.155516 2134.36 556.362 4.09368 1578 558.165 28.6858 0.277816 0.094641 14.3997 4.69501 0.234428 24.2373 1019.84 564.49 501.006 63.4846 14.6792 0.451591 0.436094
internal_count=3248921 11645 84 73 11561 1659 1642 275 182 157 77 3237276 2883868 1367 353408 60810 17116 93 45 12154 559 52 9902 292598 243992 227418 16574 2640 893 872
cat_boundaries=0 1 2
cat_threshold=8 8328
is_linear=0
shrinkage=0.05


Tree=55
num_leaves=31
num_cat=2
split_feature=6 4 3 0 8 2 5 0 0 7 0 8 0 3 0 0 6 1 3 5 0 8 0 3 6 8 0 0 7 4
split_gain=32.0077 58.5825 63.2158 300.151 347.765 23.9201 91.4072 23.2523 73.8849 176.635 196.702 17.8852 13.3828 26.6765 12.8666 12.4853 12.0808 12.2489 16.8127 11.6611 11.5488 11.2025 40.9033 60.7386 16.7619 15.8895 19.6912 43.0339 34.0601 47.542
threshold=18.500000000000004 1.0000000180025095e-35 22.500000000000004 6380.7800000000016 4.8015624134688286 0 163.50000000000003 4125.9350000000004 25295.340000000004 0.55304849285656765 17498.000000000004 5.2113394999207472 238.98500000000004 11.500000000000002 179.67500000000004 4268.005000000001 1.0000000180025095e-35 1 18.500000000000004 2.5000000000000004 2200.9550000000004 5.4398746576781187 186.71500000000003 11.500000000000002 2.5000000000000004 4.5660751298489197 6380.7800000000016 22038.330000000005 2.2691757170595057 5.5000000000000009
decision_type=2 2 2 2 2 1 2 2 2 2 2 2 2 2 2 2 2 1 2 2 2 2 2 2 2 2 2 2 2 2
left_child=5 2 7 11 -5 14 -7 12 9 10 15 -4 13 -2 -1 -9 17 18 -16 21 -21 25 23 -23 -24 -18 -27 28 29 -28
right_child=1 -3 3 4 -6 6 -8 8 -10 -11 -12 -13 -14 -15 16 -17 19 -19 -20 20 -22 22 24 -25 -26 26 27 -29 -30 -31
leaf_value=-0.036597218090675669 -2.1095709030741325 -0.020067901964596482 -1.0942806290890814 -0.050204292425635899 -7.402631677271339 -0.041925093587756625 0.0017094602780381276 -0.81878227791142644 -0.11684456065562657 -4.2594230852822657 -3.9738500808573143 -0.050269677213637357 -0.0727915610195181 -0.050157664810913563 0.013136448079715694 -0.050121162916128829 0.0074343791113698947 -0.010635708873942901 -0.027547944985264014 -0.025941479707993809 -0.00010822475055221673 2.6381786728150276 -0.063663764036019116 -0.05014448088172211 0.032417675328834786 0.012082111404288744 -0.11463213663308068 0.0057139181885282808 0.067757783848724093 -0.4720642065333529
leaf_weight=23.757547466614596 0.024278342157009525 23.823545141024759 0.047885943237005679 0.030517491649517225 0.034002273985720421 177.0063025697682 372.81116310181096 0.065046785199328383 1.2746468809934928 0.035435691881630649 0.038228946248334061 0.28621836869569961 3.8905915594469223 0.044632357647060417 139.14024028841061 0.2812478443788109 611.20320370067179 363.3230383761865 31.062434657614119 53.060916748822137 234.30028656068544 0.037197799538318033 4.9049454034527491 0.048282774747349322 60.883173522820194 26.194708392118635 10.846085115117216 17.554815256968141 2.2283529707929111 1.0175999146189667
leaf_count=79660 24 9975 22 10 33 2616030 267838 33 165 26 30 118 1013 29 12864 167 78682 33147 3286 46251 78543 17 894 25 12028 4744 529 2252 424 62
internal_value=-0.00396535 -0.0553589 -0.194264 -0.80283 -3.92497 -0.00324428 -0.0121177 -0.151359 -0.30635 -0.881532 -0.570243 -0.199904 -0.0850253 -0.775722 -7.83835e-05 -0.194504 0.000478765 -0.00562007 0.00539449 0.00366174 -0.00487831 0.00700099 0.0266744 1.11971 0.0252542 0.00506396 -0.0199839 -0.0465256 -0.111602 -0.145291
internal_weight=2159.26 29.8763 6.05273 0.398624 0.0645198 2129.38 549.817 5.65411 1.69461 0.419959 0.384524 0.334104 3.9595 0.0689107 1579.56 0.346295 1555.81 533.526 170.203 1022.28 287.361 734.918 65.8736 0.0854806 65.7881 669.045 57.8416 31.6469 14.092 11.8637
internal_count=3248921 11645 1670 183 43 3237276 2883868 1487 421 256 230 140 1066 53 353408 200 273748 49297 16150 224451 124794 99657 12964 42 12922 86693 8011 3267 1015 591
cat_boundaries=0 1 2
cat_threshold=8 6660
is_linear=0
shrinkage=0.05


Tree=56
num_leaves=31
num_cat=3
split_feature=6 4 3 0 8 0 2 5 8 0 8 3 3 0 6 0 3 0 0 0 8 6 1 0 0 0 7 0 1 7
split_gain=29.6652 54.7822 85.321 503.168 537.528 80.0886 21.8791 86.9501 18.4952 14.8748 31.6841 65.6147 148.475 50.7823 83.7491 153.027 33.7745 11.9636 11.6561 11.1776 37.8971 10.877 11.6745 16.8264 12.3532 25.7896 46.2285 11.0784 10.9721 11.2776
threshold=18.500000000000004 1.0000000180025095e-35 22.500000000000004 4559.505000000001 4.4877871425193971 24133.905000000002 0 38.500000000000007 5.639089141545532 4125.9350000000004 8.3735251294862731 18.500000000000004 17.500000000000004 81924.410000000018 22.500000000000004 4882.0700000000006 12.500000000000002 179.67500000000004 26560.385000000002 364.39000000000004 5.8684535377844371 1.0000000180025095e-35 1 24133.905000000002 304.51500000000004 199.91500000000002 2.8118821564752472 294.09500000000008 2 2.236811534653774
decision_type=2 2 2 2 2 2 1 2 2 2 2 2 2 2 2 2 2 2 2 2 2 2 1 2 2 2 2 2 1 2
left_child=6 2 9 8 -5 -6 17 -8 -4 19 11 12 13 14 -11 -16 -17 -1 -13 20 -2 22 23 24 25 26 -19 -27 -23 -30
right_child=1 -3 3 4 5 -7 7 -9 -10 10 -12 18 -14 -15 15 16 -18 21 -20 -21 -22 28 -24 -25 -26 27 -28 -29 29 -31
leaf_value=-0.035843994808481792 -2.562262014541445 -0.019417240575329009 -1.1531779012259089 -0.050202896520550724 -8.7059574238437971 -14.794772728924102 -0.041910070426593046 0.0014424517932207673 -0.050275136989646786 -0.050236147374509536 -0.10214451680110204 -0.18814788532450694 -3.8835084843294467 -0.050221567407703907 -0.88376026106964989 -7.055393752852634 -3.6034693739527741 -0.050069066931593575 0.48211696463262244 -0.073546308146720848 -0.050100236238758623 -0.010664834969363001 -0.0011398829966253951 -0.0033557421887754702 -0.043264001212611189 -0.050720487188230023 4.0215332023850259 0.68394857294589062 0.0095055117133749194 -0.0020493197614517445
leaf_weight=23.061804059221913 0.019903297511470026 23.401696676997378 0.045328203968068581 0.019074339721376177 0.011533700231892041 0.010156330959468107 166.90806806751107 376.68325918965274 0.23552206953172572 0.075966585900046901 1.1771481704130979 0.2096269730949416 0.039127577114843937 0.17905018120654859 0.059982704337503634 0.014274710023627797 0.014071087388583862 0.016125890208069593 0.093926193261914648 3.6393080085993432 0.061092786526520053 113.78179301816553 413.43731773107839 66.038410192108515 51.66971555616702 0.21032678260451382 0.012280248240131186 0.067872539977543056 581.90178115743879 331.45211214146605
leaf_count=79660 22 9975 34 7 14 26 2613682 270186 102 48 157 27 35 49 33 25 16 21 31 980 64 39205 39137 5242 4661 199 21 16 64942 120304
internal_value=-0.00379538 -0.0537569 -0.189844 -0.981742 -6.17279 -11.557 -0.00310642 -0.0116544 -0.22828 -0.144229 -0.25955 -0.52964 -0.96527 -0.632708 -1.26751 -2.31441 -5.34183 -9.43052e-05 0.0192472 -0.0864757 -0.667418 0.000434064 -0.0053728 -0.0185347 -0.0413863 0.275049 1.71012 0.128517 0.0034386 0.00525478
internal_weight=2154.55 29.3068 5.90509 0.321615 0.0407644 0.02169 2125.24 543.591 0.28085 5.58348 1.86317 0.686026 0.382473 0.343345 0.164295 0.0883285 0.0283458 1581.65 0.303553 3.7203 0.0809961 1558.59 531.452 118.015 51.9763 0.306605 0.0284061 0.278199 1027.14 913.354
internal_count=3248921 11645 1670 183 47 40 3237276 2883868 136 1487 421 264 206 171 122 74 41 353408 58 1066 86 273748 49297 10160 4918 257 42 215 224451 185246
cat_boundaries=0 1 2 3
cat_threshold=8 8440 23168
is_linear=0
shrinkage=0.05


Tree=57
num_leaves=31
num_cat=1
split_feature=2 6 6 3 8 4 7 7 5 0 8 7 0 4 8 5 0 7 0 3 4 0 0 0 7 0 0 4 4 0
split_gain=24.377 159.943 337.233 1408.85 5000.61 333.525 137.237 4117.19 84.95 11.2336 9.14843 11.6495 19.4148 17.2043 13.5526 28.9961 143.405 797.255 2740.12 18.9584 13.119 12.1415 31.4554 11.6943 10.324 9.75951 18.5269 28.9761 13.3958 12.0574
threshold=0 21.500000000000004 30.500000000000004 18.500000000000004 7.3683462812632206 2.0000000000000004 0.29696876285471357 1.0000000180025095e-35 38.500000000000007 118.21000000000002 1.2256623183746658 1.9998611303985561 607.00000000000011 4.5000000000000009 0.50393702330322965 8.5000000000000018 9996.720000000003 12.000769329401207 38471.820000000007 9.5000000000000018 2.0000000000000004 1079.3650000000002 698.69500000000016 1319510.4300000002 0.7512390283731375 5075.795000000001 19159.355000000003 2.0000000000000004 2.0000000000000004 4882.0700000000006
decision_type=1 2 2 2 2 2 2 2 2 2 2 2 2 2 2 2 2 2 2 2 2 2 2 2 2 2 2 2 2 2
left_child=9 8 3 4 -3 -6 7 -4 -2 -1 11 24 -13 14 15 23 19 18 -18 -17 21 22 -16 -14 25 29 27 -27 -28 -11
right_child=1 2 6 -5 5 -7 -8 -9 -10 10 -12 12 13 -15 20 16 17 -19 -20 -21 -22 -23 -24 -25 -26 26 28 -29 -30 -31
leaf_value=-0.044875258227224456 -0.041995691039281094 -65.864206211777841 -0.050003487252030215 -0.416334256497912 -10.57818781360367 -0.050013224464081796 -0.082535014370412885 -71.242578886110536 0.0013683073412423161 0.0045994589063330085 0.002723101516098593 -0.079815869474933132 -0.032178068383316577 -0.028374249067292235 1.2231163234567439 -0.40992664156335884 37.101563871642085 -0.051072956432679006 -0.050062143869992838 0.15446916125359528 0.00085569429548526576 0.047287985395034635 0.1050640203431914 0.11253217832342771 0.014850700718897795 -0.036840974758673053 0.038516854382587201 0.027524569876859778 -0.0090070455798036166 0.13084441860059845
leaf_weight=14.084245690464511 161.2024322990444 0.0037941992718263989 0.057659726706333569 0.14026286436402266 0.014112459730782234 0.016109526682318097 0.89227828506064233 0.0021049562212454012 377.22508299556875 108.79242122716715 1045.2600161016742 11.085866932685233 34.361688070108436 79.42135186564424 0.078532059793363085 0.21793143602963139 0.0067291745851729588 0.11484562587339327 0.018910651739104386 0.46898423900711383 32.412165616549828 18.735532973503723 0.31621722353156656 1.455223412103577 87.225561946927485 90.150105047039688 24.451343138003722 21.692744016472716 37.675877532659797 1.9247808280633751
leaf_count=65027 2613804 11 962 21 3 173 168 8 270187 17357 245286 2307 2246 816 26 29 34 39 55 71 6333 974 78 484 10949 832 1237 3246 5975 183
internal_value=-0.00354019 -0.0126257 -0.608066 -2.6302 -11.7589 -4.96625 -0.237899 -2.55746 -0.0116147 -0.000414291 -2.44993e-05 -0.00524049 -0.0157327 -0.0114942 0.00370807 -0.0195385 0.273094 1.72865 9.70039 -0.0245915 0.0202353 0.0530699 0.327491 -0.0262986 -0.00019924 -0.0048104 -0.0121957 -0.0243568 0.00969688 0.00679418
internal_weight=2149.5 539.554 1.12632 0.174279 0.0340162 0.030222 0.952043 0.0597647 538.428 1609.95 1595.87 550.607 178.694 167.608 88.1868 36.6443 0.827401 0.140485 0.0256398 0.686916 51.5424 19.1303 0.394749 35.8169 371.913 284.687 173.97 111.843 62.1272 110.717
internal_count=3248921 2885337 1346 208 187 176 1138 970 2883991 363584 298557 53271 13492 11185 10369 2958 228 128 89 100 7411 1078 104 2730 39779 28830 11290 4078 7212 17540
cat_boundaries=0 1
cat_threshold=8
is_linear=0
shrinkage=0.05


end of trees

feature_importances:
Amount_Received=479
sender_out_rate_lifetime=272
receiver_in_rate_lifetime=242
day_of_week=194
sender_out_count_24h=151
hour=141
receiver_in_count_24h=119
Received_Currency=84
Payment_Format=58

parameters:
[boosting: gbdt]
[objective: binary]
[metric: average_precision]
[tree_learner: serial]
[device_type: cpu]
[data_sample_strategy: bagging]
[data: ]
[valid: ]
[num_iterations: 1000]
[learning_rate: 0.05]
[num_leaves: 31]
[num_threads: 10]
[seed: 1]
[deterministic: 0]
[force_col_wise: 0]
[force_row_wise: 0]
[histogram_pool_size: -1]
[max_depth: -1]
[min_data_in_leaf: 20]
[min_sum_hessian_in_leaf: 0.001]
[bagging_fraction: 1]
[pos_bagging_fraction: 1]
[neg_bagging_fraction: 1]
[bagging_freq: 0]
[bagging_seed: 18467]
[bagging_by_query: 0]
[feature_fraction: 1]
[feature_fraction_bynode: 1]
[feature_fraction_seed: 26500]
[extra_trees: 0]
[extra_seed: 15724]
[early_stopping_round: 0]
[early_stopping_min_delta: 0]
[first_metric_only: 0]
[max_delta_step: 0]
[lambda_l1: 0]
[lambda_l2: 0]
[linear_lambda: 0]
[min_gain_to_split: 0]
[drop_rate: 0.1]
[max_drop: 50]
[skip_drop: 0.5]
[xgboost_dart_mode: 0]
[uniform_drop: 0]
[drop_seed: 6334]
[top_rate: 0.2]
[other_rate: 0.1]
[min_data_per_group: 100]
[max_cat_threshold: 32]
[cat_l2: 10]
[cat_smooth: 10]
[max_cat_to_onehot: 4]
[top_k: 20]
[monotone_constraints: ]
[monotone_constraints_method: basic]
[monotone_penalty: 0]
[feature_contri: ]
[forcedsplits_filename: ]
[refit_decay_rate: 0.9]
[cegb_tradeoff: 1]
[cegb_penalty_split: 0]
[cegb_penalty_feature_lazy: ]
[cegb_penalty_feature_coupled: ]
[path_smooth: 0]
[interaction_constraints: ]
[verbosity: 1]
[saved_feature_importance_type: 0]
[use_quantized_grad: 0]
[num_grad_quant_bins: 4]
[quant_train_renew_leaf: 0]
[stochastic_rounding: 1]
[linear_tree: 0]
[max_bin: 255]
[max_bin_by_feature: ]
[min_data_in_bin: 3]
[bin_construct_sample_cnt: 200000]
[data_random_seed: 41]
[is_enable_sparse: 1]
[enable_bundle: 1]
[use_missing: 1]
[zero_as_missing: 0]
[feature_pre_filter: 1]
[pre_partition: 0]
[two_round: 0]
[header: 0]
[label_column: ]
[weight_column: ]
[group_column: ]
[ignore_column: ]
[categorical_feature: 1,2]
[forcedbins_filename: ]
[precise_float_parser: 0]
[parser_config_file: ]
[objective_seed: 19169]
[num_class: 1]
[is_unbalance: 0]
[scale_pos_weight: 1]
[sigmoid: 1]
[boost_from_average: 1]
[reg_sqrt: 0]
[alpha: 0.9]
[fair_c: 1]
[poisson_max_delta_step: 0.7]
[tweedie_variance_power: 1.5]
[lambdarank_truncation_level: 30]
[lambdarank_norm: 1]
[label_gain: ]
[lambdarank_position_bias_regularization: 0]
[eval_at: ]
[multi_error_top_k: 1]
[auc_mu_weights: ]
[num_machines: 1]
[local_listen_port: 12400]
[time_out: 120]
[machine_list_filename: ]
[machines: ]
[gpu_platform_id: -1]
[gpu_device_id: -1]
[gpu_device_id_list: ]
[gpu_use_dp: 0]
[num_gpu: 1]

end of parameters

pandas_categorical:[[0, 1, 2, 3, 4, 5, 6, 7, 8, 9, 10, 11, 12, 13, 14], [0, 1, 2, 3, 4, 5, 6]]
